Domain,CDASH/Lab Element,CDASH Core,CDASH Type,CDASH Definition,CDASH Link,CDASH-SDTM Map Comments,SDTM Element,SDTM Core,SDTM Type,SDTM Terminology,SDTM Definition,SDTM Link,FHIR Resource,FHIR Element,FHIR Path,FHIR Min,FHIR Max,FHIR Type,FHIR Binding Name,FHIR Binding Strength,FHIR Binding Valueset,FHIR Condition,FHIR Definition,FHIR Comment,FHIR Gap,Comment
LAB,"/GTP/Study/@ID","","","","",,,,,,,,,,,,,,,,",""
LAB,"/GTP/Study/@Name","","","","",,,,,,,,,,,,,,,,",""
LAB,"/GTP/Study/@TransmissionType","","","","",,,,,,,,,,,,,,,,",""
LAB,"/GTP/Study/TransactionType","","","","",,,,,,,,,,,,,,,,",""
LAB,"/GTP/Study/Site/@ID","","","","",,,,,,,,,,,,,,,,",""
LAB,"/GTP/Study/Site/TransactionType","","","","",,,,,,,,,,,,,,,,",""
LAB,"/GTP/Study/Site/Investigator/@ID","","","","",,,,,,,,,,,,,,,,",""
LAB,"/GTP/Study/Site/Investigator/@Name","","","","",,,,,,,,,,,,,,,,",""
LAB,"/GTP/Study/Site/Investigator/TransactionType","","","","",,,,,,,,,,,,,,,,",""
LAB,"/GTP/Study/Site/Investigator/Subject/ScreenID","","","","",,,,,,,,,,,,,,,,",""
LAB,"/GTP/Study/Site/Investigator/Subject/SubjectID","","","","",,,,,,,,,,,,,,,,",""
LAB,"/GTP/Study/Site/Investigator/Subject/SpareSubjectID","","","","",,,,,,,,,,,,,,,,",""
LAB,"/GTP/Study/Site/Investigator/Subject/Sex/@Value","","","","",,,,,,,,,,,,,,,,",""
LAB,"/GTP/Study/Site/Investigator/Subject/Sex/@CodeListID","","","","",,,,,,,,,,,,,,,,",""
LAB,"/GTP/Study/Site/Investigator/Subject/Race/@Value","","","","",,,,,,,,,,,,,,,,",""
LAB,"/GTP/Study/Site/Investigator/Subject/Race/@CodeListID","","","","",,,,,,,,,,,,,,,,",""
LAB,"/GTP/Study/Site/Investigator/Subject/Confidential/@Initials","","","","",,,,,,,,,,,,,,,,",""
LAB,"/GTP/Study/Site/Investigator/Subject/Confidential/@Initials","","","","",,,,,,,,,,,,,,,,",""
LAB,"/GTP/Study/Site/Investigator/Subject/Confidential/@Birthdate","","","","",,,,,,,,,,,,,,,,",""
LAB,"/GTP/Study/Site/Investigator/Subject/Confidential/@Birthdate","","","","",,,,,,,,,,,,,,,,",""
LAB,"/GTP/Study/Site/Investigator/Subject/Visit/@ID","","","","",,,,,,,,,,,,,,,,",""
LAB,"/GTP/Study/Site/Investigator/Subject/Visit/@Name","","","","",,,,,,,,,,,,,,,,",""
LAB,"/GTP/Study/Site/Investigator/Subject/Visit/@Type","","","","",,,,,,,,,,,,,,,,",""
LAB,"/GTP/Study/Site/Investigator/Subject/Visit/@TypeModifier","","","","",,,,,,,,,,,,,,,,",""
LAB,"/GTP/Study/Site/Investigator/Subject/TransactionType","","","","",,,,,,,,,,,,,,,,",""
LAB,"/GTP/Study/Site/Investigator/Subject/Visit/Accession/@ID","","","","",,,,,,,,,,,,,,,,",""
LAB,"/GTP/Study/Site/Investigator/Subject/Visit/Accession/@LastActiveDateTime","","","","",,,,,,,,,,,,,,,,",""
LAB,"/GTP/Study/Site/Investigator/Subject/Visit/Accession/TransactionType","","","","",,,,,,,,,,,,,,,,",""
LAB,"/GTP/Study/Site/Investigator/Subject/Visit/Accession/CentralLab/@ID","","","","",,,,,,,,,,,,,,,,",""
LAB,"/GTP/Study/Site/Investigator/Subject/Visit/Accession/CentralLab/@Name","","","","",,,,,,,,,,,,,,,,",""
LAB,"/GTP/Study/Site/Investigator/Subject/Visit/Accession/BaseSpecimen/@ID","","","","",,,,,,,,,,,,,,,,",""
LAB,"/GTP/Study/Site/Investigator/Subject/Visit/Accession/BaseSpecimen/SpecimenCollection/@ActualCollectionDateTime","","","","",,,,,,,,,,,,,,,,",""
LAB,"/GTP/Study/Site/Investigator/Subject/Visit/Accession/BaseSpecimen/SpecimenCollection/@ActualCollectionDateTime","","","","",,,,,,,,,,,,,,,,",""
LAB,"/GTP/Study/Site/Investigator/Subject/Visit/Accession/BaseSpecimen/SpecimenCollection/@PlannedCollectionTimeElapsed","","","","",,,,,,,,,,,,,,,,",""
LAB,"/GTP/Study/Site/Investigator/Subject/Visit/Accession/BaseSpecimen/SpecimenCollection/@PlannedCollectionTimeElapsedDescription","","","","",,,,,,,,,,,,,,,,",""
LAB,"/GTP/Study/Site/Investigator/Subject/Visit/Accession/BaseSpecimen/SpecimenCollection/@CollectionEndDateTime","","","","",,,,,,,,,,,,,,,,",""
LAB,"/GTP/Study/Site/Investigator/Subject/Visit/Accession/BaseSpecimen/SpecimenTransport/@ReceivedDateTime","","","","",,,,,,,,,,,,,,,,",""
LAB,"/GTP/Study/Site/Investigator/Subject/Visit/Accession/BaseSpecimen/SpecimenTransport/@SpecimenCondition","","","","",,,,,,,,,,,,,,,,",""
LAB,"/GTP/Study/Site/Investigator/Subject/Visit/Accession/BaseSpecimen/SpecimenComment/@Source","","","","",,,,,,,,,,,,,,,,",""
LAB,"/GTP/Study/Site/Investigator/Subject/Visit/Accession/BaseSpecimen/SpecimenComment/@Text","","","","",,,,,,,,,,,,,,,,",""
LAB,"/GTP/Study/Site/Investigator/Subject/Visit/Accession/BaseSpecimen/SpecimenComment/@Source","","","","",,,,,,,,,,,,,,,,",""
LAB,"/GTP/Study/Site/Investigator/Subject/Visit/Accession/BaseSpecimen/SpecimenComment/@Text","","","","",,,,,,,,,,,,,,,,",""
LAB,"/GTP/Study/Site/Investigator/Subject/Visit/Accession/BaseSpecimen/SpecimenMaterial/@ID","","","","",,,,,,,,,,,,,,,,",""
LAB,"/GTP/Study/Site/Investigator/Subject/Visit/Accession/BaseSpecimen/SpecimenMaterial/@Name","","","","",,,,,,,,,,,,,,,,",""
LAB,"/GTP/Study/Site/Investigator/Subject/Visit/Accession/BaseSpecimen/SpecimenMaterial/@CodeListID","","","","",,,,,,,,,,,,,,,,",""
LAB,"/GTP/Study/Site/Investigator/Subject/Visit/Accession/BaseSpecimen/SubjectAtCollection/@AgeAtCollection","","","","",,,,,,,,,,,,,,,,",""
LAB,"/GTP/Study/Site/Investigator/Subject/Visit/Accession/BaseSpecimen/SubjectAtCollection/@AgeUnits","","","","",,,,,,,,,,,,,,,,",""
LAB,"/GTP/Study/Site/Investigator/Subject/Visit/Accession/BaseSpecimen/SubjectAtCollection/@FastingStatus","","","","",,,,,,,,,,,,,,,,",""
LAB,"/GTP/Study/Site/Investigator/Subject/Visit/Accession/BaseSpecimen/BaseBattery/@ID","","","","",,,,,,,,,,,,,,,,",""
LAB,"/GTP/Study/Site/Investigator/Subject/Visit/Accession/BaseSpecimen/BaseBattery/@Name","","","","",,,,,,,,,,,,,,,,",""
LAB,"/GTP/Study/Site/Investigator/Subject/Visit/Accession/BaseSpecimen/BaseBattery/TransactionType","","","","",,,,,,,,,,,,,,,,",""
LAB,"/GTP/Study/Site/Investigator/Subject/Visit/Accession/BaseSpecimen/BaseBattery/BaseTest/@Status","","","","",,,,,,,,,,,,,,,,",""
LAB,"/GTP/Study/Site/Investigator/Subject/Visit/Accession/BaseSpecimen/BaseBattery/BaseTest/@Status","","","","",,,,,,,,,,,,,,,,",""
LAB,"/GTP/Study/Site/Investigator/Subject/Visit/Accession/BaseSpecimen/BaseBattery/BaseTest/@TestingDateTime","","","","",,,,,,,,,,,,,,,,",""
LAB,"/GTP/Study/Site/Investigator/Subject/Visit/Accession/BaseSpecimen/BaseBattery/BaseTest/@TestType","","","","",,,,,,,,,,,,,,,,",""
LAB,"/GTP/Study/Site/Investigator/Subject/Visit/Accession/BaseSpecimen/BaseBattery/BaseTest/PerformingLab/@ID","","","","",,,,,,,,,,,,,,,,",""
LAB,"/GTP/Study/Site/Investigator/Subject/Visit/Accession/BaseSpecimen/BaseBattery/BaseTest/PerformingLab/@Name","","","","",,,,,,,,,,,,,,,,",""
LAB,"/GTP/Study/Site/Investigator/Subject/Visit/Accession/BaseSpecimen/BaseBattery/BaseTest/LabTest/@ID","","","","",,,,,,,,,,,,,,,,",""
LAB,"/GTP/Study/Site/Investigator/Subject/Visit/Accession/BaseSpecimen/BaseBattery/BaseTest/LabTest/@Name","","","","",,,,,,,,,,,,,,,,",""
LAB,"/GTP/Study/Site/Investigator/Subject/Visit/Accession/BaseSpecimen/BaseBattery/BaseTest/LabTest/@AdditionalDescription","","","","",,,,,,,,,,,,,,,,",""
LAB,"/GTP/Study/Site/Investigator/Subject/Visit/Accession/BaseSpecimen/BaseBattery/BaseTest/ReceiverTest/@ID","","","","",,,,,,,,,,,,,,,,",""
LAB,"/GTP/Study/Site/Investigator/Subject/Visit/Accession/BaseSpecimen/BaseBattery/BaseTest/ReceiverTest/@Name","","","","",,,,,,,,,,,,,,,,",""
LAB,"/GTP/Study/Site/Investigator/Subject/Visit/Accession/BaseSpecimen/BaseBattery/BaseTest/LOINCTestCode/@Value","","","","",,,,,,,,,,,,,,,,",""
LAB,"/GTP/Study/Site/Investigator/Subject/Visit/Accession/BaseSpecimen/BaseBattery/BaseTest/LOINCTestCode/@CodeListID","","","","",,,,,,,,,,,,,,,,",""
LAB,"/GTP/Study/Site/Investigator/Subject/Visit/Accession/BaseSpecimen/BaseBattery/BaseTest/TestLevelComment","","","","",,,,,,,,,,,,,,,,",""
LAB,"/GTP/Study/Site/Investigator/Subject/Visit/Accession/BaseSpecimen/BaseBattery/BaseTest/BaseResult/@ReportedResultStatus","","","","",,,,,,,,,,,,,,,,",""
LAB,"/GTP/Study/Site/Investigator/Subject/Visit/Accession/BaseSpecimen/BaseBattery/BaseTest/BaseResult/@AlertFlag","","","","",,,,,,,,,,,,,,,,",""
LAB,"/GTP/Study/Site/Investigator/Subject/Visit/Accession/BaseSpecimen/BaseBattery/BaseTest/BaseResult/@DeltaFlag","","","","",,,,,,,,,,,,,,,,",""
LAB,"/GTP/Study/Site/Investigator/Subject/Visit/Accession/BaseSpecimen/BaseBattery/BaseTest/BaseResult/@ExclusionFlag","","","","",,,,,,,,,,,,,,,,",""
LAB,"/GTP/Study/Site/Investigator/Subject/Visit/Accession/BaseSpecimen/BaseBattery/BaseTest/BaseResult/@BlindingFlag","","","","",,,,,,,,,,,,,,,,",""
LAB,"/GTP/Study/Site/Investigator/Subject/Visit/Accession/BaseSpecimen/BaseBattery/BaseTest/BaseResult/@ReportedDateTime","","","","",,,,,,,,,,,,,,,,",""
LAB,"/GTP/Study/Site/Investigator/Subject/Visit/Accession/BaseSpecimen/BaseBattery/BaseTest/TransactionType","","","","",,,,,,,,,,,,,,,,",""
LAB,"/GTP/Study/Site/Investigator/Subject/Visit/Accession/BaseSpecimen/BaseBattery/BaseTest/BaseResult/ToxicityGrade/@Value","","","","",,,,,,,,,,,,,,,,",""
LAB,"/GTP/Study/Site/Investigator/Subject/Visit/Accession/BaseSpecimen/BaseBattery/BaseTest/BaseResult/ToxicityGrade/@CodeListID","","","","",,,,,,,,,,,,,,,,",""
LAB,"/GTP/Study/Site/Investigator/Subject/Visit/Accession/BaseSpecimen/BaseBattery/BaseTest/BaseResult/ToxicityGrade/@CodeListID","","","","",,,,,,,,,,,,,,,,",""
LAB,"/GTP/Study/Site/Investigator/Subject/Visit/Accession/BaseSpecimen/BaseBattery/BaseTest/BaseResult/SingleResult/@ResultType","","","","",,,,,,,,,,,,,,,,",""
LAB,"/GTP/Study/Site/Investigator/Subject/Visit/Accession/BaseSpecimen/BaseBattery/BaseTest/BaseResult/SingleResult/TextResult/@Value","","","","",,,,,,,,,,,,,,,,",""
LAB,"/GTP/Study/Site/Investigator/Subject/Visit/Accession/BaseSpecimen/BaseBattery/BaseTest/BaseResult/SingleResult/TextResult/@CodeListID","","","","",,,,,,,,,,,,,,,,",""
LAB,"/GTP/Study/Site/Investigator/Subject/Visit/Accession/BaseSpecimen/BaseBattery/BaseTest/BaseResult/SingleResult/NumericResult/@Value","","","","",,,,,,,,,,,,,,,,",""
LAB,"/GTP/Study/Site/Investigator/Subject/Visit/Accession/BaseSpecimen/BaseBattery/BaseTest/BaseResult/SingleResult/NumericResult/@Value","","","","",,,,,,,,,,,,,,,,",""
LAB,"/GTP/Study/Site/Investigator/Subject/Visit/Accession/BaseSpecimen/BaseBattery/BaseTest/BaseResult/SingleResult/NumericResult/@Value","","","","",,,,,,,,,,,,,,,,",""
LAB,"/GTP/Study/Site/Investigator/Subject/Visit/Accession/BaseSpecimen/BaseBattery/BaseTest/BaseResult/SingleResult/NumericResult/@Precision","","","","",,,,,,,,,,,,,,,,",""
LAB,"/GTP/Study/Site/Investigator/Subject/Visit/Accession/BaseSpecimen/BaseBattery/BaseTest/BaseResult/SingleResult/NumericResult/@Precision","","","","",,,,,,,,,,,,,,,,",""
LAB,"/GTP/Study/Site/Investigator/Subject/Visit/Accession/BaseSpecimen/BaseBattery/BaseTest/BaseResult/SingleResult/NumericResult/@Precision","","","","",,,,,,,,,,,,,,,,",""
LAB,"/GTP/Study/Site/Investigator/Subject/Visit/Accession/BaseSpecimen/BaseBattery/BaseTest/BaseResult/SingleResult/ResultReferenceRange/@ReferenceRangeLow","","","","",,,,,,,,,,,,,,,,",""
LAB,"/GTP/Study/Site/Investigator/Subject/Visit/Accession/BaseSpecimen/BaseBattery/BaseTest/BaseResult/SingleResult/ResultReferenceRange/@ReferenceRangeLow","","","","",,,,,,,,,,,,,,,,",""
LAB,"/GTP/Study/Site/Investigator/Subject/Visit/Accession/BaseSpecimen/BaseBattery/BaseTest/BaseResult/SingleResult/ResultReferenceRange/@ReferenceRangeLow","","","","",,,,,,,,,,,,,,,,",""
LAB,"/GTP/Study/Site/Investigator/Subject/Visit/Accession/BaseSpecimen/BaseBattery/BaseTest/BaseResult/SingleResult/ResultReferenceRange/@ReferenceRangeHigh","","","","",,,,,,,,,,,,,,,,",""
LAB,"/GTP/Study/Site/Investigator/Subject/Visit/Accession/BaseSpecimen/BaseBattery/BaseTest/BaseResult/SingleResult/ResultReferenceRange/@ReferenceRangeHigh","","","","",,,,,,,,,,,,,,,,",""
LAB,"/GTP/Study/Site/Investigator/Subject/Visit/Accession/BaseSpecimen/BaseBattery/BaseTest/BaseResult/SingleResult/ResultReferenceRange/@ReferenceRangeHigh","","","","",,,,,,,,,,,,,,,,",""
LAB,"/GTP/Study/Site/Investigator/Subject/Visit/Accession/BaseSpecimen/BaseBattery/BaseTest/BaseResult/SingleResult/ResultUnits/@Value","","","","",,,,,,,,,,,,,,,,",""
LAB,"/GTP/Study/Site/Investigator/Subject/Visit/Accession/BaseSpecimen/BaseBattery/BaseTest/BaseResult/SingleResult/ResultUnits/@Value","","","","",,,,,,,,,,,,,,,,",""
LAB,"/GTP/Study/Site/Investigator/Subject/Visit/Accession/BaseSpecimen/BaseBattery/BaseTest/BaseResult/SingleResult/ResultUnits/@Value","","","","",,,,,,,,,,,,,,,,",""
LAB,"/GTP/Study/Site/Investigator/Subject/Visit/Accession/BaseSpecimen/BaseBattery/BaseTest/BaseResult/SingleResult/ResultUnits/@CodeListID","","","","",,,,,,,,,,,,,,,,",""
LAB,"/GTP/Study/Site/Investigator/Subject/Visit/Accession/BaseSpecimen/BaseBattery/BaseTest/BaseResult/SingleResult/ResultUnits/@CodeListID","","","","",,,,,,,,,,,,,,,,",""
LAB,"/GTP/Study/Site/Investigator/Subject/Visit/Accession/BaseSpecimen/BaseBattery/BaseTest/BaseResult/SingleResult/ResultUnits/@CodeListID","","","","",,,,,,,,,,,,,,,,",""
LAB,"","","","","",,,,,,,,,,,,,,,,",""
LAB,"/GTP/Study/Site/Investigator/Subject/Visit/Accession/BaseSpecimen/BaseBattery/BaseTest/BaseResult/SingleResult/ResultClass/@Value","","","","",,,,,,,,,,,,,,,,",""
LAB,"/GTP/@ModelVersion","","","","",,,,,,,,,,,,,,,,",""
LAB,"/GTP/@CreationDateTime","","","","",,,,,,,,,,,,,,,,",""
LAB,"/GTP/TransactionType","","","","",,,,,,,,,,,,,,,,",""
LAB,"/GTP/TransmissionSource/@ID","","","","",,,,,,,,,,,,,,,,",""
LAB,"/GTP/TransmissionSource/@Name","","","","",,,,,,,,,,,,,,,,",""
LB,"DM.STUDYID","HR","Char","A unique identifier for a study.","/mdr/cdashig/2-1/domains/DM/fields/STUDYID",,,,,,,,,,",""
LB,"DM.SITEID","HR","Char","A unique identifier for a site within a study.","/mdr/cdashig/2-1/domains/DM/fields/SITEID",,,,,,,,,,",""
LB,,,,,,,,,,,,,,,",""
LB,"DM.SUBJID","HR","Char","A unique subject identifier within a site and a study.","/mdr/cdashig/2-1/domains/DM/fields/SUBJID",,,,,,,,,,",""
LB,"VISITNUM","","","","",,,,,,,,,,",""
LB,"VISIT","R/C","Char","The name of a clinical encounter that encompasses planned and unplanned trial interventions, procedures, and assessments that may be performed on a subject.","/mdr/cdashig/2-1/scenarios/LB.CentralProcessing/fields/VISIT",,,,,,,,,,",""
LB,"LBREFID","R/C","Char","An internal or external identifier such as specimen identifier.","/mdr/cdashig/2-1/scenarios/LB.CentralProcessing/fields/LBREFID",,,,,,,,,,",""
LB,,,,,,,,,,,,,,,",""
LB,,,,,,,,,,,,,,,",""
LB,,,,,,,,,,,,,,,",""
LB,"LBCDUR","","","","",,,,,,,,,,",""
LB,"LBCTPT","","","","",,,,,,,,,,",""
LB,"LBCELTM","","","","",,,,,,,,,,",""
LB,"LBCSPCCN","","","","",,,,,,,,,,",""
LB,"LBCSPEC","","","","",,,,,,,,,,",""
LB,"LBCFAST","","","","",,,,,,,,,,",""
LB,"LBCOND","R/C","Char","Indication whether the testing condition defined in the protocol were met (e.g., Low fat diet).","/mdr/cdashig/2-1/scenarios/LB.CentralProcessing/fields/LBCOND",,,,,,,,,,,,,,,,",""
LB,"LBCPOS","","","","",,,,,,,,,,",""
LB,"LBCSPCUF","","","","",,,,,,,,,,",""
LB,"LBCCAT","","","","",,,,,,,,,,",""
LB,"LBCCAT","","","","",,,,,,,,,,",""
LB,"LBCSTAT","","","","",,,,,,,,,,",""
LB,"LBCSTAT","","","","",,,,,,,,,,",""
LB,,,,,,,,,,,,,,,",""
LB,,,,,,,,,,,,,,,",""
LB,,,,,,,,,,,,,,,",""
LB,"LBLOINC","","","","",,,,,,,,,,",""
LB,"LBNAM","R/C","Char","The name or identifier of the vendor (e.g., laboratory) that provided the test results.","/mdr/cdashig/2-1/scenarios/LB.LocalProcessing/fields/LBNAM",,,,,,,,,,",""
LB,"LBCNRIND","","","","",,,,,,,,,,",""
LB,,,,,,,,,,,,,,,",""
LB,"LBCTOXV","","","","",,,,,,,,,,",""
LB,"LBCTOX","","","","",,,,,,,,,,",""
LB,"LBORNRLO","R/C","Char","The lower end of normal range or reference range for continuous results stored in LBORRES.","/mdr/cdashig/2-1/scenarios/LB.LocalProcessing/fields/LBORNRLO",,,,,,,,,,",""
LB,"LBORNRHI","R/C","Char","The upper end of normal range or reference range for continuous results stored in LBORRES.","/mdr/cdashig/2-1/scenarios/LB.LocalProcessing/fields/LBORNRHI",,,,,,,,,,",""
LB,"LBCSTNRC","","","","",,,,,,,,,,",""
LB,"LBORRES","HR","Char","Result of the measurement or finding as originally received or collected.","/mdr/cdashig/2-1/scenarios/LB.CentralProcessingCS/fields/LBORRES",,,,,,,,,,",""
LB,"LBRESU","","","","",,,,,,,,,,",""
LB,"LBCLSIG","HR","Char","An indication whether lab test results were clinically significant.","/mdr/cdashig/2-1/scenarios/LB.CentralProcessingCS/fields/LBCLSIG",,,,,,,,,,",""
LB,"LBCMETH","","","","",,,,,,,,,,",""
LB,,,,,,,,,,,,,,,",""
LB,"LBRUNID","","","","",,,,,,,,,,",""
LB,,,,,,,,,,,,,,,",""
LB,"LBRESCAT","","","","",,,,,,,,,,",""
LB,"LBANTREG","","","","",,,,,,,,,,",""
LB,"LBUSCHFL","","","","",,,,,,,,,,",""
LB,,,,,,,,,,,,,,,",""
LB,,,,,,,,,,,,,,,",""
LB,,,,,,,,,,,,,,,",""
LB,,,,,,,,,,,,,,,",""
VS,"STUDYID","HR","Char","A unique identifier for a study.","/mdr/cdashig/2-1/domains/VS/fields/STUDYID",,,,,,,,,,",""
VS,"SITEID","HR","Char","A unique identifier for a site within a study.","/mdr/cdashig/2-1/domains/VS/fields/SITEID",,,,,,,,,,",""
VS,"SUBJID","HR","Char","A unique subject identifier within a site and a study.","/mdr/cdashig/2-1/domains/VS/fields/SUBJID",,,,,,,,,,",""
VS,"VISIT","R/C","Char","The name of a clinical encounter that encompasses planned and unplanned trial interventions, procedures, and assessments that may be performed on a subject.","/mdr/cdashig/2-1/domains/VS/fields/VISIT",,,,,,,,,,",""
VS,"VISDAT","R/C","Char","Date the clinical encounter occurred (or started).","/mdr/cdashig/2-1/domains/VS/fields/VISDAT",,,,,,,,,,",""
VS,"VSPERF","O","Char","An indication whether or not a planned vital signs measurement, series of vital signs measurements, tests, or observations was performed.","/mdr/cdashig/2-1/domains/VS/fields/VSPERF",,,,,,,,,,",""
VS,"VSDAT","R/C","Char","The date of the vital signs measurement, represented in an unambiguous date format (e.g., DD-MON-YYYY).","/mdr/cdashig/2-1/domains/VS/fields/VSDAT",,,,,,,,,,",""
VS,"VSTIM","R/C","Char","The time of measurement, represented in an unambiguous time format (e.g., hh:mm:ss).","/mdr/cdashig/2-1/domains/VS/fields/VSTIM",,,,,,,,,,",""
VS,"VSCAT","O","Char","A grouping of topic-variable values based on user-defined characteristics.","/mdr/cdashig/2-1/domains/VS/fields/VSCAT",,,,,,,,,,",""
VS,"VSSCAT","O","Char","A sub-division of the VSCAT values based on user-defined characteristics.","/mdr/cdashig/2-1/domains/VS/fields/VSSCAT",,,,,,,,,,",""
VS,"VSGRPID","","","","",,,,,,,,,,",""
VS,"VSTPT","R/C","Char","A text description of planned time point when measurements should be taken as defined in the protocol.","/mdr/cdashig/2-1/domains/VS/fields/VSTPT",,,,,,,,,,",""
VS,"VSSTAT","O","Char","The variable used to indicate that data are not available by having the site recording the value as ""Not Done"".","/mdr/cdashig/2-1/domains/VS/fields/VSSTAT",,,,,,,,,,",""
VS,"VSSTAT","O","Char","The variable used to indicate that data are not available by having the site recording the value as ""Not Done"".","/mdr/cdashig/2-1/domains/VS/fields/VSSTAT",,,,,,,,,,",""
VS,"VSORRES","HR","Char","Result of the vital signs measurement as originally received or collected.","/mdr/cdashig/2-1/domains/VS/fields/VSORRES",,,,,,,,,,",""
VS,"VSORRESU","R/C","Char","The unit of the result as originally received or collected.","/mdr/cdashig/2-1/domains/VS/fields/VSORRESU",,,,,,,,,,",""
VS,"VSCLSIG","O","Char","An indication whether the vital sign result was clinically significant.","/mdr/cdashig/2-1/domains/VS/fields/VSCLSIG",,,,,,,,,,",""
VS,"VSPOS","R/C","Char","The position of the subject during a measurement or examination.","/mdr/cdashig/2-1/domains/VS/fields/VSPOS",,,,,,,,,,",""
VS,"VSPOS","R/C","Char","The position of the subject during a measurement or examination.","/mdr/cdashig/2-1/domains/VS/fields/VSPOS",,,,,,,,,,",""
VS,"VSLOC","O","Char","A description of the anatomical location of the subject relevant to the collection of Vital Signs measurement.","/mdr/cdashig/2-1/domains/VS/fields/VSLOC",,,,,,,,,,",""
VS,"VSLAT","O","Char","Qualifier for anatomical location further detailing the side of the body.","/mdr/cdashig/2-1/domains/VS/fields/VSLAT",,,,,,,,,,",""
VS,"VSDIR","O","Char","Qualifier further detailing the position of the anatomical location relative to the center of the body, organ, or specimen.","/mdr/cdashig/2-1/domains/VS/fields/VSDIR",,,,,,,,,,",""
VS,"VSTESTCD","","","","",,,,,,,,,,",""
VS,"VSTEST","HR","Char","Descriptive name of the test or examination used to obtain the measurement or finding.","/mdr/cdashig/2-1/domains/VS/fields/VSTEST",,,,,,,,,,",""
VS,"VSSPID","O","Char","A sponsor-defined identifier. In CDASH, This is typically used for preprinted or auto-generated numbers on the CRF, or any other type of identifier that does not already have a defined CDASH identifier field.","/mdr/cdashig/2-1/domains/VS/fields/VSSPID",,,,,,,,,,",""
VS,"VSREPNUM","O","Char","The instance number of a test that is repeated within a given timeframe for the same test. The level of granularity can vary (e.g., within a time point, within a visit).","/mdr/cdashig/2-1/domains/VS/fields/VSREPNUM",,,,,,,,,,",""
AE,"STUDYID","HR","Char","A unique identifier for a study.","/mdr/cdashig/2-1/domains/AE/fields/STUDYID",,,,,,,,,,",""
AE,"SITEID","HR","Char","A unique identifier for a site within a study.","/mdr/cdashig/2-1/domains/AE/fields/SITEID",,,,,,,,,,",""
AE,"SUBJID","HR","Char","A unique subject identifier within a site and a study.","/mdr/cdashig/2-1/domains/AE/fields/SUBJID",,,,,,,,,,",""
AE,"AEYN","O","Char","An indication whether or not any AEs were experienced during the study.","/mdr/cdashig/2-1/domains/AE/fields/AEYN",,,,,,,,,,",""
AE,"AECAT","O","Char","A grouping of topic-variable values based on user-defined characteristics.","/mdr/cdashig/2-1/domains/AE/fields/AECAT",,,,,,,,,,",""
AE,"AESCAT","O","Char","A sub-division of the AECAT values based on user-defined characteristics.","/mdr/cdashig/2-1/domains/AE/fields/AESCAT",,,,,,,,,,",""
AE,"AESPID","O","Char","A sponsor-defined identifier. In CDASH, This is typically used for preprinted or auto-generated numbers on the CRF, or any other type of identifier that does not already have a defined CDASH identifier field.","/mdr/cdashig/2-1/domains/AE/fields/AESPID",,,,,,,,,,",""
AE,"AETERM","HR","Char","The reported or prespecified name of the adverse event.","/mdr/cdashig/2-1/domains/AE/fields/AETERM",,,,,,,,,,",""
AE,"AEOCCUR","O","Char","An indication whether a prespecified adverse event or a group of adverse events occurred when information about the occurrence of a specific event is solicited.","/mdr/cdashig/2-1/domains/AE/fields/AEOCCUR",,,,,,,,,,",""
AE,"AEPRESP","O","Char","An indication that a specific event, or group of events, are prespecified on a CRF.","/mdr/cdashig/2-1/domains/AE/fields/AEPRESP",,,,,,,,,,",""
AE,"AESTDAT","HR","Char","The start date of the adverse event, represented in an unambiguous date format (e.g., DD-MON-YYYY).","/mdr/cdashig/2-1/domains/AE/fields/AESTDAT",,,,,,,,,,",""
AE,"AESTTIM","R/C","Char","The start time of the adverse event, represented in an unambiguous time format (e.g., hh:mm:ss)","/mdr/cdashig/2-1/domains/AE/fields/AESTTIM",,,,,,,,,,",""
AE,"AELOC","O","Char","A description of the anatomical location relevant for the adverse event.","/mdr/cdashig/2-1/domains/AE/fields/AELOC",,,,,,,,,,",""
AE,"AELAT","O","Char","Qualifier for anatomical location further detailing the side of the body relevant for the event.","/mdr/cdashig/2-1/domains/AE/fields/AELAT",,,,,,,,,,",""
AE,"AEDIR","O","Char","Qualifier further detailing the position of the anatomical location relative to the center of the body, organ, or specimen.","/mdr/cdashig/2-1/domains/AE/fields/AEDIR",,,,,,,,,,",""
AE,"AEPORTOT","O","Char","Qualifier for anatomical location further detailing the distribution (i.e., arrangement of, apportioning of).","/mdr/cdashig/2-1/domains/AE/fields/AEPORTOT",,,,,,,,,,",""
AE,"AEONGO","O","Char","Indication that an adverse event is ongoing when no End Date is provided.","/mdr/cdashig/2-1/domains/AE/fields/AEONGO",,,,,,,,,,",""
AE,"AEENDAT","R/C","Char","The date when the adverse event resolved/ended, represented in an unambiguous date format (e.g., DD-MON-YYYY).","/mdr/cdashig/2-1/domains/AE/fields/AEENDAT",,,,,,,,,,",""
AE,"AEENTIM","R/C","Char","The time when the adverse event ended/resolved, represented in an unambiguous time format (e.g., hh:mm:ss).","/mdr/cdashig/2-1/domains/AE/fields/AEENTIM",,,,,,,,,,",""
AE,"AESEV","R/C","Char","The severity or intensity of the event.","/mdr/cdashig/2-1/domains/AE/fields/AESEV",,,,,,,,,,",""
AE,"AETOXGR","R/C","Char","The grade of the severity of the event using a standard ""toxicity"" scale (e.g., NCI CTCAE).","/mdr/cdashig/2-1/domains/AE/fields/AETOXGR",,,,,,,,,,",""
AE,"AESER","R/C","Char","An indication whether or not the adverse event is determined to be ""serious"" based on what is defined in the protocol.","/mdr/cdashig/2-1/domains/AE/fields/AESER",,,,,,,,,,",""
AE,"AESDTH","R/C","Char","An indication the serious adverse event resulted in death.","/mdr/cdashig/2-1/domains/AE/fields/AESDTH",,,,,,,,,,",""
AE,"DTHDAT","O","Char","Date of death for any subject who died.","/mdr/cdashig/2-1/domains/AE/fields/DTHDAT",,,,,,,,,,",""
AE,"AESLIFE","R/C","Char","An indication the serious adverse event was life threatening.","/mdr/cdashig/2-1/domains/AE/fields/AESLIFE",,,,,,,,,,",""
AE,"AESHOSP","R/C","Char","An indication the serious adverse event resulted in an initial or prolonged hospitalization.","/mdr/cdashig/2-1/domains/AE/fields/AESHOSP",,,,,,,,,,",""
AE,"AESDISAB","R/C","Char","An indication the serious adverse event was associated with a persistent or significant disability or incapacity.","/mdr/cdashig/2-1/domains/AE/fields/AESDISAB",,,,,,,,,,",""
AE,"AESCONG","R/C","Char","An indication the serious adverse event was associated with a congenital anomaly or birth defect.","/mdr/cdashig/2-1/domains/AE/fields/AESCONG",,,,,,,,,,",""
AE,"AESINTV","O","Char","An indication an adverse event required medical or surgical intervention to preclude permanent impairment of a body function, or prevent permanent damage to a body structure, due to the use of a medical product.","/mdr/cdashig/2-1/domains/AE/fields/AESINTV",,,,,,,,,,",""
AE,"AESMIE","R/C","Char","An indication additional categories for seriousness apply.","/mdr/cdashig/2-1/domains/AE/fields/AESMIE",,,,,,,,,,",""
AE,"AESCAN","O","Char","An indication the serious event was associated with the development of cancer.","/mdr/cdashig/2-1/domains/AE/fields/AESCAN",,,,,,,,,,",""
AE,"AESOD","O","Char","An indication the serious event occurred with an overdose.","/mdr/cdashig/2-1/domains/AE/fields/AESOD",,,,,,,,,,",""
AE,"AEREL","HR","Char","An indication the study treatment had a causal effect on the adverse event, as determined by the clinician/investigator.","/mdr/cdashig/2-1/domains/AE/fields/AEREL",,,,,,,,,,",""
AE,"AEACN","R/C","Char","A description of the action taken with study treatment as a result of the event.","/mdr/cdashig/2-1/domains/AE/fields/AEACN",,,,,,,,,,",""
AE,"AEACNDEV","O","Char","A description of the action taken, with respect to a device used in a study (which may or may not be the device under study), as a result of the event.","/mdr/cdashig/2-1/domains/AE/fields/AEACNDEV",,,,,,,,,,",""
AE,"AEACNOTH","O","Char","A description of other action taken as a result of the event that is unrelated to dose adjustments of the study treatment.","/mdr/cdashig/2-1/domains/AE/fields/AEACNOTH",,,,,,,,,,",""
AE,"AEOUT","R/C","Char","A description of the outcome of an event.","/mdr/cdashig/2-1/domains/AE/fields/AEOUT",,,,,,,,,,",""
AE,"AEDIS","O","Char","An indication whether the event caused the subject to discontinue from the study.","/mdr/cdashig/2-1/domains/AE/fields/AEDIS",,,,,,,,,,",""
AE,"AERLNSYN","O","Char","An indication whether in the investigator's opinion the event may have been due to a treatment other than study treatment.","/mdr/cdashig/2-1/domains/AE/fields/AERLNSYN",,,,,,,,,,",""
AE,"AERELNST","O","Char","Description of the investigator's opinion as to whether the adverse event may have been due to a treatment other than study treatment.","/mdr/cdashig/2-1/domains/AE/fields/AERELNST",,,,,,,,,,",""
AE,"AESI","O","Char","An adverse event of special interest (serious or non-serious) is one of scientific and medical concern specific to the sponsor's product or program, for which ongoing monitoring and rapid communication by the investigator to the sponsor can be appropriate. Such an event might warrant further investigation in order to characterize and understand it. Depending on the nature of the event, rapid communication by the trial sponsor to other parties (e.g., regulators) might also be warranted.","/mdr/cdashig/2-1/domains/AE/fields/AESI",,,,,,,,,,",""
AE,"AEPATT","O","Char","Used to indicate the pattern of the event over time.","/mdr/cdashig/2-1/domains/AE/fields/AEPATT",,,,,,,,,,",""
AE,"AECONTRT","O","Char","An indication whether a concomitant or additional treatment given because of the occurrence of the event.","/mdr/cdashig/2-1/domains/AE/fields/AECONTRT",,,,,,,,,,",""
AE,"AEMODIFY","R/C","Char","If the value for AETERM is modified to facilitate coding, then AEMODIFY will contain the modified text.","/mdr/cdashig/2-1/domains/AE/fields/AEMODIFY",,,,,,,,,,",""
AE,"AEDECOD","O","Char","The dictionary or standardized text description of AETERM or the modified topic variable (AEMODIFY), if applicable.","/mdr/cdashig/2-1/domains/AE/fields/AEDECOD",,,,,,,,,,",""
AE,"AELLT","R/C","Char","MedDRA text description of the Lowest Level Term.","/mdr/cdashig/2-1/domains/AE/fields/AELLT",,,,,,,,,,",""
AE,"AELLTCD","R/C","Num","MedDRA Lowest Level Term code.","/mdr/cdashig/2-1/domains/AE/fields/AELLTCD",,,,,,,,,,",""
AE,"AEPTCD","R/C","Num","MedDRA code for the Preferred Term.","/mdr/cdashig/2-1/domains/AE/fields/AEPTCD",,,,,,,,,,",""
AE,"AEHLT","R/C","Char","MedDRA text description of the High Level Term from the primary path.","/mdr/cdashig/2-1/domains/AE/fields/AEHLT",,,,,,,,,,",""
AE,"AEHLTCD","R/C","Num","MedDRA High Level Term code from the primary path.","/mdr/cdashig/2-1/domains/AE/fields/AEHLTCD",,,,,,,,,,",""
AE,"AEHLGT","R/C","Char","MedDRA text description of the High Level Group Term from the primary path.","/mdr/cdashig/2-1/domains/AE/fields/AEHLGT",,,,,,,,,,",""
AE,"AEHLGTCD","R/C","Num","MedDRA High Level Group Term code from the primary path.","/mdr/cdashig/2-1/domains/AE/fields/AEHLGTCD",,,,,,,,,,",""
AE,"AESOC","R/C","Char","MedDRA Primary System Organ Class text description associated with the event.","/mdr/cdashig/2-1/domains/AE/fields/AESOC",,,,,,,,,,",""
AE,"AESOCCD","R/C","Num","MedDRA code for the primary System Organ Class.","/mdr/cdashig/2-1/domains/AE/fields/AESOCCD",,,,,,,,,,",""
AE,"AEACNOYN","O","Char","An indication whether any other actions were taken in response to the adverse event that were unrelated to study treatment dose changes or other non-study treatments given because of this adverse event.","/mdr/cdashig/2-1/domains/AE/fields/AEACNOYN",,,,,,,,,,",""
MH,"STUDYID","HR","Char","A unique identifier for a study.","/mdr/cdashig/2-1/domains/MH/fields/STUDYID",,,,,,,,,,",""
MH,"SITEID","HR","Char","A unique identifier for a site within a study.","/mdr/cdashig/2-1/domains/MH/fields/SITEID",,,,,,,,,,",""
MH,"SUBJID","HR","Char","A unique subject identifier within a site and a study.","/mdr/cdashig/2-1/domains/MH/fields/SUBJID",,,,,,,,,,",""
MH,"MHYN","O","Char","An indication whether or not there was any medical history to report.","/mdr/cdashig/2-1/domains/MH/fields/MHYN",,,,,,,,,,",""
MH,"MHCAT","R/C","Char","A grouping of topic-variable values based on user-defined characteristics.","/mdr/cdashig/2-1/domains/MH/fields/MHCAT",,,,,,,,,,",""
MH,"MHCAT","R/C","Char","A grouping of topic-variable values based on user-defined characteristics.","/mdr/cdashig/2-1/domains/MH/fields/MHCAT",,,,,,,,,,",""
MH,"MHCAT","R/C","Char","A grouping of topic-variable values based on user-defined characteristics.","/mdr/cdashig/2-1/domains/MH/fields/MHCAT",,,,,,,,,,",""
MH,"MHCAT","R/C","Char","A grouping of topic-variable values based on user-defined characteristics.","/mdr/cdashig/2-1/domains/MH/fields/MHCAT",,,,,,,,,,",""
MH,"MHSCAT","O","Char","A sub-division of the MHCAT values based on user-defined characteristics.","/mdr/cdashig/2-1/domains/MH/fields/MHSCAT",,,,,,,,,,",""
MH,"MHSCAT","O","Char","A sub-division of the MHCAT values based on user-defined characteristics.","/mdr/cdashig/2-1/domains/MH/fields/MHSCAT",,,,,,,,,,",""
MH,"MHSCAT","O","Char","A sub-division of the MHCAT values based on user-defined characteristics.","/mdr/cdashig/2-1/domains/MH/fields/MHSCAT",,,,,,,,,,",""
MH,"MHSCAT","O","Char","A sub-division of the MHCAT values based on user-defined characteristics.","/mdr/cdashig/2-1/domains/MH/fields/MHSCAT",,,,,,,,,,",""
MH,"MHDAT","O","Char","The date on which the medical history was collected, represented in an unambiguous date format (e.g., DD-MON-YYYY).","/mdr/cdashig/2-1/domains/MH/fields/MHDAT",,,,,,,,,,",""
MH,"MHDAT","O","Char","The date on which the medical history was collected, represented in an unambiguous date format (e.g., DD-MON-YYYY).","/mdr/cdashig/2-1/domains/MH/fields/MHDAT",,,,,,,,,,",""
MH,"MHDAT","O","Char","The date on which the medical history was collected, represented in an unambiguous date format (e.g., DD-MON-YYYY).","/mdr/cdashig/2-1/domains/MH/fields/MHDAT",,,,,,,,,,",""
MH,"MHDAT","O","Char","The date on which the medical history was collected, represented in an unambiguous date format (e.g., DD-MON-YYYY).","/mdr/cdashig/2-1/domains/MH/fields/MHDAT",,,,,,,,,,",""
MH,"MHSPID","O","Char","A sponsor-defined identifier. In CDASH, This is typically used for preprinted or auto-generated numbers on the CRF, or any other type of identifier that does not already have a defined CDASH identifier field.","/mdr/cdashig/2-1/domains/MH/fields/MHSPID",,,,,,,,,,",""
MH,"MHSPID","O","Char","A sponsor-defined identifier. In CDASH, This is typically used for preprinted or auto-generated numbers on the CRF, or any other type of identifier that does not already have a defined CDASH identifier field.","/mdr/cdashig/2-1/domains/MH/fields/MHSPID",,,,,,,,,,",""
MH,"MHSPID","O","Char","A sponsor-defined identifier. In CDASH, This is typically used for preprinted or auto-generated numbers on the CRF, or any other type of identifier that does not already have a defined CDASH identifier field.","/mdr/cdashig/2-1/domains/MH/fields/MHSPID",,,,,,,,,,",""
MH,"MHSPID","O","Char","A sponsor-defined identifier. In CDASH, This is typically used for preprinted or auto-generated numbers on the CRF, or any other type of identifier that does not already have a defined CDASH identifier field.","/mdr/cdashig/2-1/domains/MH/fields/MHSPID",,,,,,,,,,",""
MH,"MHTERM","HR","Char","The reported or prespecified name of the medical condition or event.","/mdr/cdashig/2-1/domains/MH/fields/MHTERM",,,,,,,,,,",""
MH,"MHTERM","HR","Char","The reported or prespecified name of the medical condition or event.","/mdr/cdashig/2-1/domains/MH/fields/MHTERM",,,,,,,,,,",""
MH,"MHTERM","HR","Char","The reported or prespecified name of the medical condition or event.","/mdr/cdashig/2-1/domains/MH/fields/MHTERM",,,,,,,,,,",""
MH,"MHTERM","HR","Char","The reported or prespecified name of the medical condition or event.","/mdr/cdashig/2-1/domains/MH/fields/MHTERM",,,,,,,,,,",""
MH,"MHOCCUR","O","Char","An indication whether a prespecified medical condition/event or a group of medical conditions/events occurred when information about the occurrence of a specific event is solicited.","/mdr/cdashig/2-1/domains/MH/fields/MHOCCUR",,,,,,,,,,",""
MH,"MHOCCUR","O","Char","An indication whether a prespecified medical condition/event or a group of medical conditions/events occurred when information about the occurrence of a specific event is solicited.","/mdr/cdashig/2-1/domains/MH/fields/MHOCCUR",,,,,,,,,,",""
MH,"MHOCCUR","O","Char","An indication whether a prespecified medical condition/event or a group of medical conditions/events occurred when information about the occurrence of a specific event is solicited.","/mdr/cdashig/2-1/domains/MH/fields/MHOCCUR",,,,,,,,,,",""
MH,"MHPRESP","O","Char","An indication that a specific event, or group of events, are prespecified on a CRF.","/mdr/cdashig/2-1/domains/MH/fields/MHPRESP",,,,,,,,,,",""
MH,"MHPRIOR","O","Char","An indication whether the event occurred prior to study start.","/mdr/cdashig/2-1/domains/MH/fields/MHPRIOR",,,,,,,,,,",""
MH,"MHONGO","O","Char","Indication the medical condition or event is ongoing when no end date is provided.","/mdr/cdashig/2-1/domains/MH/fields/MHONGO",,,,,,,,,,",""
MH,"MHONGO","O","Char","Indication the medical condition or event is ongoing when no end date is provided.","/mdr/cdashig/2-1/domains/MH/fields/MHONGO",,,,,,,,,,",""
MH,"MHSTDAT","O","Char","The start date of medical history event or condition represented in an unambiguous date format (e.g., DD-MON-YYYY).","/mdr/cdashig/2-1/domains/MH/fields/MHSTDAT",,,,,,,,,,",""
MH,"MHSTDAT","O","Char","The start date of medical history event or condition represented in an unambiguous date format (e.g., DD-MON-YYYY).","/mdr/cdashig/2-1/domains/MH/fields/MHSTDAT",,,,,,,,,,",""
MH,"MHSTDAT","O","Char","The start date of medical history event or condition represented in an unambiguous date format (e.g., DD-MON-YYYY).","/mdr/cdashig/2-1/domains/MH/fields/MHSTDAT",,,,,,,,,,",""
MH,"MHSTDAT","O","Char","The start date of medical history event or condition represented in an unambiguous date format (e.g., DD-MON-YYYY).","/mdr/cdashig/2-1/domains/MH/fields/MHSTDAT",,,,,,,,,,",""
MH,"MHENDAT","O","Char","The end date of medical history event or condition represented in an unambiguous date format (e.g., DD-MON-YYYY).","/mdr/cdashig/2-1/domains/MH/fields/MHENDAT",,,,,,,,,,",""
MH,"MHLOC","O","Char","A description of the anatomical location relevant for the medical condition or event.","/mdr/cdashig/2-1/domains/MH/fields/MHLOC",,,,,,,,,,",""
MH,"MHLOC","O","Char","A description of the anatomical location relevant for the medical condition or event.","/mdr/cdashig/2-1/domains/MH/fields/MHLOC",,,,,,,,,,",""
MH,"MHLOC","O","Char","A description of the anatomical location relevant for the medical condition or event.","/mdr/cdashig/2-1/domains/MH/fields/MHLOC",,,,,,,,,,",""
MH,"MHLOC","O","Char","A description of the anatomical location relevant for the medical condition or event.","/mdr/cdashig/2-1/domains/MH/fields/MHLOC",,,,,,,,,,",""
MH,"MHLAT","O","Char","Qualifier for anatomical location further detailing the side of the body relevant for the event.","/mdr/cdashig/2-1/domains/MH/fields/MHLAT",,,,,,,,,,",""
MH,"MHDIR","O","Char","Qualifier further detailing the position of the anatomical location relative to the center of the body, organ, or specimen.","/mdr/cdashig/2-1/domains/MH/fields/MHDIR",,,,,,,,,,",""
MH,"MHPORTOT","O","Char","Qualifier for anatomical location further detailing the distribution, which means arrangement of, apportioning of.","/mdr/cdashig/2-1/domains/MH/fields/MHPORTOT",,,,,,,,,,",""
MH,"MHDECOD","O","Char","The dictionary text description of MHTERM or the modified topic variable (MH MODIFY), if applicable.","/mdr/cdashig/2-1/domains/MH/fields/MHDECOD",,,,,,,,,,",""
MH,"MHDECOD","O","Char","The dictionary text description of MHTERM or the modified topic variable (MH MODIFY), if applicable.","/mdr/cdashig/2-1/domains/MH/fields/MHDECOD",,,,,,,,,,",""
MH,"MHDECOD","O","Char","The dictionary text description of MHTERM or the modified topic variable (MH MODIFY), if applicable.","/mdr/cdashig/2-1/domains/MH/fields/MHDECOD",,,,,,,,,,",""
MH,"MHDECOD","O","Char","The dictionary text description of MHTERM or the modified topic variable (MH MODIFY), if applicable.","/mdr/cdashig/2-1/domains/MH/fields/MHDECOD",,,,,,,,,,",""
MH,"MHLLT","O","Char","MedDRA Dictionary text description of the Lowest Level Term.","/mdr/cdashig/2-1/domains/MH/fields/MHLLT",,,,,,,,,,",""
MH,"MHLLT","O","Char","MedDRA Dictionary text description of the Lowest Level Term.","/mdr/cdashig/2-1/domains/MH/fields/MHLLT",,,,,,,,,,",""
MH,"MHLLT","O","Char","MedDRA Dictionary text description of the Lowest Level Term.","/mdr/cdashig/2-1/domains/MH/fields/MHLLT",,,,,,,,,,",""
MH,"MHLLT","O","Char","MedDRA Dictionary text description of the Lowest Level Term.","/mdr/cdashig/2-1/domains/MH/fields/MHLLT",,,,,,,,,,",""
MH,"MHLLTCD","O","Num","MedDRA Lowest Level Term code.","/mdr/cdashig/2-1/domains/MH/fields/MHLLTCD",,,,,,,,,,",""
MH,"MHLLTCD","O","Num","MedDRA Lowest Level Term code.","/mdr/cdashig/2-1/domains/MH/fields/MHLLTCD",,,,,,,,,,",""
MH,"MHLLTCD","O","Num","MedDRA Lowest Level Term code.","/mdr/cdashig/2-1/domains/MH/fields/MHLLTCD",,,,,,,,,,",""
MH,"MHLLTCD","O","Num","MedDRA Lowest Level Term code.","/mdr/cdashig/2-1/domains/MH/fields/MHLLTCD",,,,,,,,,,",""
MH,"MHPTCD","O","Num","MedDRA code for the Preferred Term.","/mdr/cdashig/2-1/domains/MH/fields/MHPTCD",,,,,,,,,,",""
MH,"MHPTCD","O","Num","MedDRA code for the Preferred Term.","/mdr/cdashig/2-1/domains/MH/fields/MHPTCD",,,,,,,,,,",""
MH,"MHPTCD","O","Num","MedDRA code for the Preferred Term.","/mdr/cdashig/2-1/domains/MH/fields/MHPTCD",,,,,,,,,,",""
MH,"MHPTCD","O","Num","MedDRA code for the Preferred Term.","/mdr/cdashig/2-1/domains/MH/fields/MHPTCD",,,,,,,,,,",""
MH,"MHHLT","O","Char","MedDRA text description of the High Level Term from the primary path.","/mdr/cdashig/2-1/domains/MH/fields/MHHLT",,,,,,,,,,",""
MH,"MHHLT","O","Char","MedDRA text description of the High Level Term from the primary path.","/mdr/cdashig/2-1/domains/MH/fields/MHHLT",,,,,,,,,,",""
MH,"MHHLT","O","Char","MedDRA text description of the High Level Term from the primary path.","/mdr/cdashig/2-1/domains/MH/fields/MHHLT",,,,,,,,,,",""
MH,"MHHLT","O","Char","MedDRA text description of the High Level Term from the primary path.","/mdr/cdashig/2-1/domains/MH/fields/MHHLT",,,,,,,,,,",""
MH,"MHHLTCD","O","Num","MedDRA High Level Term code from the primary path.","/mdr/cdashig/2-1/domains/MH/fields/MHHLTCD",,,,,,,,,,",""
MH,"MHHLTCD","O","Num","MedDRA High Level Term code from the primary path.","/mdr/cdashig/2-1/domains/MH/fields/MHHLTCD",,,,,,,,,,",""
MH,"MHHLTCD","O","Num","MedDRA High Level Term code from the primary path.","/mdr/cdashig/2-1/domains/MH/fields/MHHLTCD",,,,,,,,,,",""
MH,"MHHLTCD","O","Num","MedDRA High Level Term code from the primary path.","/mdr/cdashig/2-1/domains/MH/fields/MHHLTCD",,,,,,,,,,",""
MH,"MHHLGT","O","Char","MedDRA text description of the High Level Group Term from the primary path.","/mdr/cdashig/2-1/domains/MH/fields/MHHLGT",,,,,,,,,,",""
MH,"MHHLGT","O","Char","MedDRA text description of the High Level Group Term from the primary path.","/mdr/cdashig/2-1/domains/MH/fields/MHHLGT",,,,,,,,,,",""
MH,"MHHLGT","O","Char","MedDRA text description of the High Level Group Term from the primary path.","/mdr/cdashig/2-1/domains/MH/fields/MHHLGT",,,,,,,,,,",""
MH,"MHHLGT","O","Char","MedDRA text description of the High Level Group Term from the primary path.","/mdr/cdashig/2-1/domains/MH/fields/MHHLGT",,,,,,,,,,",""
MH,"MHHLGTCD","O","Num","MedDRA High Level Group Term code from the primary path.","/mdr/cdashig/2-1/domains/MH/fields/MHHLGTCD",,,,,,,,,,",""
MH,"MHHLGTCD","O","Num","MedDRA High Level Group Term code from the primary path.","/mdr/cdashig/2-1/domains/MH/fields/MHHLGTCD",,,,,,,,,,",""
MH,"MHHLGTCD","O","Num","MedDRA High Level Group Term code from the primary path.","/mdr/cdashig/2-1/domains/MH/fields/MHHLGTCD",,,,,,,,,,",""
MH,"MHHLGTCD","O","Num","MedDRA High Level Group Term code from the primary path.","/mdr/cdashig/2-1/domains/MH/fields/MHHLGTCD",,,,,,,,,,",""
MH,,,,,,,,,,,,,,,",""
MH,,,,,,,,,,,,,,,",""
MH,,,,,,,,,,,,,,,",""
MH,,,,,,,,,,,,,,,",""
MH,"MHSOCCD","O","Num","MedDRA code for the primary System Organ Class.","/mdr/cdashig/2-1/domains/MH/fields/MHSOCCD",,,,,,,,,,",""
MH,"MHSOCCD","O","Num","MedDRA code for the primary System Organ Class.","/mdr/cdashig/2-1/domains/MH/fields/MHSOCCD",,,,,,,,,,",""
MH,"MHSOCCD","O","Num","MedDRA code for the primary System Organ Class.","/mdr/cdashig/2-1/domains/MH/fields/MHSOCCD",,,,,,,,,,",""
MH,"MHSOCCD","O","Num","MedDRA code for the primary System Organ Class.","/mdr/cdashig/2-1/domains/MH/fields/MHSOCCD",,,,,,,,,,",""
CM,"STUDYID","HR","Char","A unique identifier for a study.","/mdr/cdashig/2-1/domains/CM/fields/STUDYID",,,,,,,,,,",""
CM,"SITEID","HR","Char","A unique identifier for a site within a study.","/mdr/cdashig/2-1/domains/CM/fields/SITEID",,,,,,,,,,",""
CM,"SUBJID","HR","Char","A unique subject identifier within a site and a study.","/mdr/cdashig/2-1/domains/CM/fields/SUBJID",,,,,,,,,,",""
CM,"CMCAT","O","Char","A grouping of topic-variable values based on user-defined characteristics.","/mdr/cdashig/2-1/domains/CM/fields/CMCAT",,,,,,,,,,",""
CM,"CMCAT","O","Char","A grouping of topic-variable values based on user-defined characteristics.","/mdr/cdashig/2-1/domains/CM/fields/CMCAT",,,,,,,,,,",""
CM,"CMCAT","O","Char","A grouping of topic-variable values based on user-defined characteristics.","/mdr/cdashig/2-1/domains/CM/fields/CMCAT",,,,,,,,,,",""
CM,"CMCAT","O","Char","A grouping of topic-variable values based on user-defined characteristics.","/mdr/cdashig/2-1/domains/CM/fields/CMCAT",,,,,,,,,,",""
CM,"CMSCAT","O","Char","A sub-division of the CMCAT values based on user-defined characteristics.","/mdr/cdashig/2-1/domains/CM/fields/CMSCAT",,,,,,,,,,",""
CM,"CMSCAT","O","Char","A sub-division of the CMCAT values based on user-defined characteristics.","/mdr/cdashig/2-1/domains/CM/fields/CMSCAT",,,,,,,,,,",""
CM,"CMSCAT","O","Char","A sub-division of the CMCAT values based on user-defined characteristics.","/mdr/cdashig/2-1/domains/CM/fields/CMSCAT",,,,,,,,,,",""
CM,"CMSCAT","O","Char","A sub-division of the CMCAT values based on user-defined characteristics.","/mdr/cdashig/2-1/domains/CM/fields/CMSCAT",,,,,,,,,,",""
CM,"CMYN","O","Char","An indication whether or not any (concomitant) medications/treatments/therapies were taken/given.","/mdr/cdashig/2-1/domains/CM/fields/CMYN",,,,,,,,,,",""
CM,"CMSPID","O","Char","A sponsor-defined identifier. In CDASH, This is typically used for preprinted or auto-generated numbers on the CRF, or any other type of identifier that does not already have a defined CDASH identifier field.","/mdr/cdashig/2-1/domains/CM/fields/CMSPID",,,,,,,,,,",""
CM,"CMSPID","O","Char","A sponsor-defined identifier. In CDASH, This is typically used for preprinted or auto-generated numbers on the CRF, or any other type of identifier that does not already have a defined CDASH identifier field.","/mdr/cdashig/2-1/domains/CM/fields/CMSPID",,,,,,,,,,",""
CM,"CMSPID","O","Char","A sponsor-defined identifier. In CDASH, This is typically used for preprinted or auto-generated numbers on the CRF, or any other type of identifier that does not already have a defined CDASH identifier field.","/mdr/cdashig/2-1/domains/CM/fields/CMSPID",,,,,,,,,,",""
CM,"CMSPID","O","Char","A sponsor-defined identifier. In CDASH, This is typically used for preprinted or auto-generated numbers on the CRF, or any other type of identifier that does not already have a defined CDASH identifier field.","/mdr/cdashig/2-1/domains/CM/fields/CMSPID",,,,,,,,,,",""
CM,"CMSPID","O","Char","A sponsor-defined identifier. In CDASH, This is typically used for preprinted or auto-generated numbers on the CRF, or any other type of identifier that does not already have a defined CDASH identifier field.","/mdr/cdashig/2-1/domains/CM/fields/CMSPID",,,,,,,,,,",""
CM,"CMTRT","HR","Char","Verbatim medication name or treatments (include only treatments with data collection characteristics similar to medications).","/mdr/cdashig/2-1/domains/CM/fields/CMTRT",,,,,,,,,,",""
CM,"CMTRT","HR","Char","Verbatim medication name or treatments (include only treatments with data collection characteristics similar to medications).","/mdr/cdashig/2-1/domains/CM/fields/CMTRT",,,,,,,,,,",""
CM,"CMTRT","HR","Char","Verbatim medication name or treatments (include only treatments with data collection characteristics similar to medications).","/mdr/cdashig/2-1/domains/CM/fields/CMTRT",,,,,,,,,,",""
CM,"CMTRT","HR","Char","Verbatim medication name or treatments (include only treatments with data collection characteristics similar to medications).","/mdr/cdashig/2-1/domains/CM/fields/CMTRT",,,,,,,,,,",""
CM,"CMTRT","HR","Char","Verbatim medication name or treatments (include only treatments with data collection characteristics similar to medications).","/mdr/cdashig/2-1/domains/CM/fields/CMTRT",,,,,,,,,,",""
CM,"CMTRT","HR","Char","Verbatim medication name or treatments (include only treatments with data collection characteristics similar to medications).","/mdr/cdashig/2-1/domains/CM/fields/CMTRT",,,,,,,,,,",""
CM,"CMTRT","HR","Char","Verbatim medication name or treatments (include only treatments with data collection characteristics similar to medications).","/mdr/cdashig/2-1/domains/CM/fields/CMTRT",,,,,,,,,,",""
CM,"CMTRT","HR","Char","Verbatim medication name or treatments (include only treatments with data collection characteristics similar to medications).","/mdr/cdashig/2-1/domains/CM/fields/CMTRT",,,,,,,,,,",""
CM,"CMTRT","HR","Char","Verbatim medication name or treatments (include only treatments with data collection characteristics similar to medications).","/mdr/cdashig/2-1/domains/CM/fields/CMTRT",,,,,,,,,,",""
CM,"CMPRESP","O","Char","An indication that a specific intervention or a group of interventions is prespecified on a CRF.","/mdr/cdashig/2-1/domains/CM/fields/CMPRESP",,,,,,,,,,",""
CM,"CMOCCUR","O","Char","An indication whether the prespecified medication/treatment/therapy (CMTRT) or the group of medications/treatments/therapies was administered when information about the occurrence of a specific intervention is solicited.","/mdr/cdashig/2-1/domains/CM/fields/CMOCCUR",,,,,,,,,,",""
CM,"CMOCCUR","O","Char","An indication whether the prespecified medication/treatment/therapy (CMTRT) or the group of medications/treatments/therapies was administered when information about the occurrence of a specific intervention is solicited.","/mdr/cdashig/2-1/domains/CM/fields/CMOCCUR",,,,,,,,,,",""
CM,"CMOCCUR","O","Char","An indication whether the prespecified medication/treatment/therapy (CMTRT) or the group of medications/treatments/therapies was administered when information about the occurrence of a specific intervention is solicited.","/mdr/cdashig/2-1/domains/CM/fields/CMOCCUR",,,,,,,,,,",""
CM,"CMOCCUR","O","Char","An indication whether the prespecified medication/treatment/therapy (CMTRT) or the group of medications/treatments/therapies was administered when information about the occurrence of a specific intervention is solicited.","/mdr/cdashig/2-1/domains/CM/fields/CMOCCUR",,,,,,,,,,",""
CM,"CMOCCUR","O","Char","An indication whether the prespecified medication/treatment/therapy (CMTRT) or the group of medications/treatments/therapies was administered when information about the occurrence of a specific intervention is solicited.","/mdr/cdashig/2-1/domains/CM/fields/CMOCCUR",,,,,,,,,,",""
CM,"CMOCCUR","O","Char","An indication whether the prespecified medication/treatment/therapy (CMTRT) or the group of medications/treatments/therapies was administered when information about the occurrence of a specific intervention is solicited.","/mdr/cdashig/2-1/domains/CM/fields/CMOCCUR",,,,,,,,,,",""
CM,"CMINGRD","O","Char","Medication Ingredients.","/mdr/cdashig/2-1/domains/CM/fields/CMINGRD",,,,,,,,,,",""
CM,"CMINGRD","O","Char","Medication Ingredients.","/mdr/cdashig/2-1/domains/CM/fields/CMINGRD",,,,,,,,,,",""
CM,"CMINGRD","O","Char","Medication Ingredients.","/mdr/cdashig/2-1/domains/CM/fields/CMINGRD",,,,,,,,,,",""
CM,"CMINGRD","O","Char","Medication Ingredients.","/mdr/cdashig/2-1/domains/CM/fields/CMINGRD",,,,,,,,,,",""
CM,"CMINGRD","O","Char","Medication Ingredients.","/mdr/cdashig/2-1/domains/CM/fields/CMINGRD",,,,,,,,,,",""
CM,"CMINDC","R/C","Char","The condition, disease, symptom, or disorder that the concomitant (non-study) medication/treatment/therapy was used to address or investigate (e.g., why the medication/treatment/therapy was taken or administered).","/mdr/cdashig/2-1/domains/CM/fields/CMINDC",,,,,,,,,,",""
CM,"CMINDC","R/C","Char","The condition, disease, symptom, or disorder that the concomitant (non-study) medication/treatment/therapy was used to address or investigate (e.g., why the medication/treatment/therapy was taken or administered).","/mdr/cdashig/2-1/domains/CM/fields/CMINDC",,,,,,,,,,",""
CM,"CMINDC","R/C","Char","The condition, disease, symptom, or disorder that the concomitant (non-study) medication/treatment/therapy was used to address or investigate (e.g., why the medication/treatment/therapy was taken or administered).","/mdr/cdashig/2-1/domains/CM/fields/CMINDC",,,,,,,,,,",""
CM,"CMINDC","R/C","Char","The condition, disease, symptom, or disorder that the concomitant (non-study) medication/treatment/therapy was used to address or investigate (e.g., why the medication/treatment/therapy was taken or administered).","/mdr/cdashig/2-1/domains/CM/fields/CMINDC",,,,,,,,,,",""
CM,"CMAENO","O","Char","Identifier for the adverse event that is the indication for this medication/treatment/therapy.","/mdr/cdashig/2-1/domains/CM/fields/CMAENO",,,,,,,,,,",""
CM,"CMMHNO","O","Char","Identifier for the medical history condition that is the indication for this medication/treatment/therapy.","/mdr/cdashig/2-1/domains/CM/fields/CMMHNO",,,,,,,,,,",""
CM,"CMMHNO","O","Char","Identifier for the medical history condition that is the indication for this medication/treatment/therapy.","/mdr/cdashig/2-1/domains/CM/fields/CMMHNO",,,,,,,,,,",""
CM,"CMMHNO","O","Char","Identifier for the medical history condition that is the indication for this medication/treatment/therapy.","/mdr/cdashig/2-1/domains/CM/fields/CMMHNO",,,,,,,,,,",""
CM,"CMMHNO","O","Char","Identifier for the medical history condition that is the indication for this medication/treatment/therapy.","/mdr/cdashig/2-1/domains/CM/fields/CMMHNO",,,,,,,,,,",""
CM,"CMDOSE","O","Num","The dose of medication/treatment (e.g., --TRT ) given at one time represented as a numeric value.","/mdr/cdashig/2-1/domains/CM/fields/CMDOSE",,,,,,,,,,",""
CM,"CMDOSE","O","Num","The dose of medication/treatment (e.g., --TRT ) given at one time represented as a numeric value.","/mdr/cdashig/2-1/domains/CM/fields/CMDOSE",,,,,,,,,,",""
CM,"CMDOSE","O","Num","The dose of medication/treatment (e.g., --TRT ) given at one time represented as a numeric value.","/mdr/cdashig/2-1/domains/CM/fields/CMDOSE",,,,,,,,,,",""
CM,"CMDOSE","O","Num","The dose of medication/treatment (e.g., --TRT ) given at one time represented as a numeric value.","/mdr/cdashig/2-1/domains/CM/fields/CMDOSE",,,,,,,,,,",""
CM,"CMDOSE","O","Num","The dose of medication/treatment (e.g., --TRT ) given at one time represented as a numeric value.","/mdr/cdashig/2-1/domains/CM/fields/CMDOSE",,,,,,,,,,",""
CM,"CMDSTXT","O","Char","The dose of medication/treatment taken per administration.","/mdr/cdashig/2-1/domains/CM/fields/CMDSTXT",,,,,,,,,,",""
CM,"CMDSTXT","O","Char","The dose of medication/treatment taken per administration.","/mdr/cdashig/2-1/domains/CM/fields/CMDSTXT",,,,,,,,,,",""
CM,"CMDSTXT","O","Char","The dose of medication/treatment taken per administration.","/mdr/cdashig/2-1/domains/CM/fields/CMDSTXT",,,,,,,,,,",""
CM,"CMDSTXT","O","Char","The dose of medication/treatment taken per administration.","/mdr/cdashig/2-1/domains/CM/fields/CMDSTXT",,,,,,,,,,",""
CM,"CMDOSTOT","O","Num","The total amount of CMTRT taken over a day using the units in CMDOSU.","/mdr/cdashig/2-1/domains/CM/fields/CMDOSTOT",,,,,,,,,,",""
CM,"CMDOSTOT","O","Num","The total amount of CMTRT taken over a day using the units in CMDOSU.","/mdr/cdashig/2-1/domains/CM/fields/CMDOSTOT",,,,,,,,,,",""
CM,"CMDOSTOT","O","Num","The total amount of CMTRT taken over a day using the units in CMDOSU.","/mdr/cdashig/2-1/domains/CM/fields/CMDOSTOT",,,,,,,,,,",""
CM,"CMDOSTOT","O","Num","The total amount of CMTRT taken over a day using the units in CMDOSU.","/mdr/cdashig/2-1/domains/CM/fields/CMDOSTOT",,,,,,,,,,",""
CM,"CMDOSU","R/C","Char","The unit associated with the concomitant medication/treatment/therapy taken (e.g., mg in ""2 mg 3 times per day"").","/mdr/cdashig/2-1/domains/CM/fields/CMDOSU",,,,,,,,,,",""
CM,"CMDOSU","R/C","Char","The unit associated with the concomitant medication/treatment/therapy taken (e.g., mg in ""2 mg 3 times per day"").","/mdr/cdashig/2-1/domains/CM/fields/CMDOSU",,,,,,,,,,",""
CM,"CMDOSU","R/C","Char","The unit associated with the concomitant medication/treatment/therapy taken (e.g., mg in ""2 mg 3 times per day"").","/mdr/cdashig/2-1/domains/CM/fields/CMDOSU",,,,,,,,,,",""
CM,"CMDOSFRM","O","Char","The pharmaceutical dosage form in which the CMTRT is physically presented.","/mdr/cdashig/2-1/domains/CM/fields/CMDOSFRM",,,,,,,,,,",""
CM,"CMDOSFRM","O","Char","The pharmaceutical dosage form in which the CMTRT is physically presented.","/mdr/cdashig/2-1/domains/CM/fields/CMDOSFRM",,,,,,,,,,",""
CM,"CMDOSFRM","O","Char","The pharmaceutical dosage form in which the CMTRT is physically presented.","/mdr/cdashig/2-1/domains/CM/fields/CMDOSFRM",,,,,,,,,,",""
CM,"CMDOSFRQ","O","Char","The number of doses given/administered/taken during a specific interval.","/mdr/cdashig/2-1/domains/CM/fields/CMDOSFRQ",,,,,,,,,,",""
CM,"CMDOSFRQ","O","Char","The number of doses given/administered/taken during a specific interval.","/mdr/cdashig/2-1/domains/CM/fields/CMDOSFRQ",,,,,,,,,,",""
CM,"CMDOSFRQ","O","Char","The number of doses given/administered/taken during a specific interval.","/mdr/cdashig/2-1/domains/CM/fields/CMDOSFRQ",,,,,,,,,,",""
CM,"CMROUTE","R/C","Char","The route of administration of the (concomitant) [medication/treatment/therapy].","/mdr/cdashig/2-1/domains/CM/fields/CMROUTE",,,,,,,,,,",""
CM,"CMROUTE","R/C","Char","The route of administration of the (concomitant) [medication/treatment/therapy].","/mdr/cdashig/2-1/domains/CM/fields/CMROUTE",,,,,,,,,,",""
CM,"CMROUTE","R/C","Char","The route of administration of the (concomitant) [medication/treatment/therapy].","/mdr/cdashig/2-1/domains/CM/fields/CMROUTE",,,,,,,,,,",""
CM,"CMROUTE","R/C","Char","The route of administration of the (concomitant) [medication/treatment/therapy].","/mdr/cdashig/2-1/domains/CM/fields/CMROUTE",,,,,,,,,,",""
CM,"CMROUTE","R/C","Char","The route of administration of the (concomitant) [medication/treatment/therapy].","/mdr/cdashig/2-1/domains/CM/fields/CMROUTE",,,,,,,,,,",""
CM,"CMSTDAT","R/C","Char","The start date when the concomitant medication/treatment/therapy was first taken, represented in an unambiguous date format (e.g., DD-MON-YYYY).","/mdr/cdashig/2-1/domains/CM/fields/CMSTDAT",,,,,,,,,,",""
CM,"CMSTDAT","R/C","Char","The start date when the concomitant medication/treatment/therapy was first taken, represented in an unambiguous date format (e.g., DD-MON-YYYY).","/mdr/cdashig/2-1/domains/CM/fields/CMSTDAT",,,,,,,,,,",""
CM,"CMSTDAT","R/C","Char","The start date when the concomitant medication/treatment/therapy was first taken, represented in an unambiguous date format (e.g., DD-MON-YYYY).","/mdr/cdashig/2-1/domains/CM/fields/CMSTDAT",,,,,,,,,,",""
CM,"CMSTDAT","R/C","Char","The start date when the concomitant medication/treatment/therapy was first taken, represented in an unambiguous date format (e.g., DD-MON-YYYY).","/mdr/cdashig/2-1/domains/CM/fields/CMSTDAT",,,,,,,,,,",""
CM,"CMSTDAT","R/C","Char","The start date when the concomitant medication/treatment/therapy was first taken, represented in an unambiguous date format (e.g., DD-MON-YYYY).","/mdr/cdashig/2-1/domains/CM/fields/CMSTDAT",,,,,,,,,,",""
CM,"CMSTDAT","R/C","Char","The start date when the concomitant medication/treatment/therapy was first taken, represented in an unambiguous date format (e.g., DD-MON-YYYY).","/mdr/cdashig/2-1/domains/CM/fields/CMSTDAT",,,,,,,,,,",""
CM,"CMSTTIM","R/C","Char","The time the concomitant medication/treatment/therapy was started, represented in an unambiguous time format (e.g., hh:mm:ss).","/mdr/cdashig/2-1/domains/CM/fields/CMSTTIM",,,,,,,,,,",""
CM,"CMSTTIM","R/C","Char","The time the concomitant medication/treatment/therapy was started, represented in an unambiguous time format (e.g., hh:mm:ss).","/mdr/cdashig/2-1/domains/CM/fields/CMSTTIM",,,,,,,,,,",""
CM,"CMSTTIM","R/C","Char","The time the concomitant medication/treatment/therapy was started, represented in an unambiguous time format (e.g., hh:mm:ss).","/mdr/cdashig/2-1/domains/CM/fields/CMSTTIM",,,,,,,,,,",""
CM,"CMSTTIM","R/C","Char","The time the concomitant medication/treatment/therapy was started, represented in an unambiguous time format (e.g., hh:mm:ss).","/mdr/cdashig/2-1/domains/CM/fields/CMSTTIM",,,,,,,,,,",""
CM,"CMSTTIM","R/C","Char","The time the concomitant medication/treatment/therapy was started, represented in an unambiguous time format (e.g., hh:mm:ss).","/mdr/cdashig/2-1/domains/CM/fields/CMSTTIM",,,,,,,,,,",""
CM,"CMSTTIM","R/C","Char","The time the concomitant medication/treatment/therapy was started, represented in an unambiguous time format (e.g., hh:mm:ss).","/mdr/cdashig/2-1/domains/CM/fields/CMSTTIM",,,,,,,,,,",""
CM,"CMENDAT","R/C","Char","The date that the subject ended/stopped taking the concomitant medication/treatment/therapy represented in an unambiguous date format (e.g., DD-MON-YYYY).","/mdr/cdashig/2-1/domains/CM/fields/CMENDAT",,,,,,,,,,",""
CM,"CMENDAT","R/C","Char","The date that the subject ended/stopped taking the concomitant medication/treatment/therapy represented in an unambiguous date format (e.g., DD-MON-YYYY).","/mdr/cdashig/2-1/domains/CM/fields/CMENDAT",,,,,,,,,,",""
CM,"CMENDAT","R/C","Char","The date that the subject ended/stopped taking the concomitant medication/treatment/therapy represented in an unambiguous date format (e.g., DD-MON-YYYY).","/mdr/cdashig/2-1/domains/CM/fields/CMENDAT",,,,,,,,,,",""
CM,"CMENDAT","R/C","Char","The date that the subject ended/stopped taking the concomitant medication/treatment/therapy represented in an unambiguous date format (e.g., DD-MON-YYYY).","/mdr/cdashig/2-1/domains/CM/fields/CMENDAT",,,,,,,,,,",""
CM,"CMENDAT","R/C","Char","The date that the subject ended/stopped taking the concomitant medication/treatment/therapy represented in an unambiguous date format (e.g., DD-MON-YYYY).","/mdr/cdashig/2-1/domains/CM/fields/CMENDAT",,,,,,,,,,",""
CM,"CMENDAT","R/C","Char","The date that the subject ended/stopped taking the concomitant medication/treatment/therapy represented in an unambiguous date format (e.g., DD-MON-YYYY).","/mdr/cdashig/2-1/domains/CM/fields/CMENDAT",,,,,,,,,,",""
CM,"CMENTIM","R/C","Char","The time when the subject ended/stopped taking the concomitant medication/treatment/therapy represented in an unambiguous time format (e.g., hh:mm:ss).","/mdr/cdashig/2-1/domains/CM/fields/CMENTIM",,,,,,,,,,",""
CM,"CMENTIM","R/C","Char","The time when the subject ended/stopped taking the concomitant medication/treatment/therapy represented in an unambiguous time format (e.g., hh:mm:ss).","/mdr/cdashig/2-1/domains/CM/fields/CMENTIM",,,,,,,,,,",""
CM,"CMENTIM","R/C","Char","The time when the subject ended/stopped taking the concomitant medication/treatment/therapy represented in an unambiguous time format (e.g., hh:mm:ss).","/mdr/cdashig/2-1/domains/CM/fields/CMENTIM",,,,,,,,,,",""
CM,"CMENTIM","R/C","Char","The time when the subject ended/stopped taking the concomitant medication/treatment/therapy represented in an unambiguous time format (e.g., hh:mm:ss).","/mdr/cdashig/2-1/domains/CM/fields/CMENTIM",,,,,,,,,,",""
CM,"CMENTIM","R/C","Char","The time when the subject ended/stopped taking the concomitant medication/treatment/therapy represented in an unambiguous time format (e.g., hh:mm:ss).","/mdr/cdashig/2-1/domains/CM/fields/CMENTIM",,,,,,,,,,",""
CM,"CMENTIM","R/C","Char","The time when the subject ended/stopped taking the concomitant medication/treatment/therapy represented in an unambiguous time format (e.g., hh:mm:ss).","/mdr/cdashig/2-1/domains/CM/fields/CMENTIM",,,,,,,,,,",""
CM,"CMPRIOR","O","Char","Indication the concomitant medication/treatment/therapy was given or taken prior to [CMSTTPT] or prior to the date in DM.RFSTDTC.","/mdr/cdashig/2-1/domains/CM/fields/CMPRIOR",,,,,,,,,,",""
CM,"CMONGO","R/C","Char","Indication the concomitant medication/treatment/therapy is ongoing when no end date is provided.","/mdr/cdashig/2-1/domains/CM/fields/CMONGO",,,,,,,,,,",""
CM,"CMDECOD","O","Char","The dictionary- or sponsor-defined standardized text description of the topic variable, CMTRT, or the modified topic variable (CMMODIFY), if applicable.","/mdr/cdashig/2-1/domains/CM/fields/CMDECOD",,,,,,,,,,",""
CM,"CMDECOD","O","Char","The dictionary- or sponsor-defined standardized text description of the topic variable, CMTRT, or the modified topic variable (CMMODIFY), if applicable.","/mdr/cdashig/2-1/domains/CM/fields/CMDECOD",,,,,,,,,,",""
CM,"CMDECOD","O","Char","The dictionary- or sponsor-defined standardized text description of the topic variable, CMTRT, or the modified topic variable (CMMODIFY), if applicable.","/mdr/cdashig/2-1/domains/CM/fields/CMDECOD",,,,,,,,,,",""
CM,"CMDECOD","O","Char","The dictionary- or sponsor-defined standardized text description of the topic variable, CMTRT, or the modified topic variable (CMMODIFY), if applicable.","/mdr/cdashig/2-1/domains/CM/fields/CMDECOD",,,,,,,,,,",""
CM,"CMDECOD","O","Char","The dictionary- or sponsor-defined standardized text description of the topic variable, CMTRT, or the modified topic variable (CMMODIFY), if applicable.","/mdr/cdashig/2-1/domains/CM/fields/CMDECOD",,,,,,,,,,",""
CM,"CMDECOD","O","Char","The dictionary- or sponsor-defined standardized text description of the topic variable, CMTRT, or the modified topic variable (CMMODIFY), if applicable.","/mdr/cdashig/2-1/domains/CM/fields/CMDECOD",,,,,,,,,,",""
CM,"CMDECOD","O","Char","The dictionary- or sponsor-defined standardized text description of the topic variable, CMTRT, or the modified topic variable (CMMODIFY), if applicable.","/mdr/cdashig/2-1/domains/CM/fields/CMDECOD",,,,,,,,,,",""
CM,"CMDECOD","O","Char","The dictionary- or sponsor-defined standardized text description of the topic variable, CMTRT, or the modified topic variable (CMMODIFY), if applicable.","/mdr/cdashig/2-1/domains/CM/fields/CMDECOD",,,,,,,,,,",""
CM,"CMDECOD","O","Char","The dictionary- or sponsor-defined standardized text description of the topic variable, CMTRT, or the modified topic variable (CMMODIFY), if applicable.","/mdr/cdashig/2-1/domains/CM/fields/CMDECOD",,,,,,,,,,",""
CM,"CMCLAS","O","Char","The class for the intervention, often obtained from a coding dictionary.","/mdr/cdashig/2-1/domains/CM/fields/CMCLAS",,,,,,,,,,",""
CM,"CMCLAS","O","Char","The class for the intervention, often obtained from a coding dictionary.","/mdr/cdashig/2-1/domains/CM/fields/CMCLAS",,,,,,,,,,",""
CM,"CMCLAS","O","Char","The class for the intervention, often obtained from a coding dictionary.","/mdr/cdashig/2-1/domains/CM/fields/CMCLAS",,,,,,,,,,",""
CM,"CMCLAS","O","Char","The class for the intervention, often obtained from a coding dictionary.","/mdr/cdashig/2-1/domains/CM/fields/CMCLAS",,,,,,,,,,",""
CM,"CMCLAS","O","Char","The class for the intervention, often obtained from a coding dictionary.","/mdr/cdashig/2-1/domains/CM/fields/CMCLAS",,,,,,,,,,",""
CM,"CMCLAS","O","Char","The class for the intervention, often obtained from a coding dictionary.","/mdr/cdashig/2-1/domains/CM/fields/CMCLAS",,,,,,,,,,",""
CM,"CMCLAS","O","Char","The class for the intervention, often obtained from a coding dictionary.","/mdr/cdashig/2-1/domains/CM/fields/CMCLAS",,,,,,,,,,",""
CM,"CMCLAS","O","Char","The class for the intervention, often obtained from a coding dictionary.","/mdr/cdashig/2-1/domains/CM/fields/CMCLAS",,,,,,,,,,",""
CM,"CMCLAS","O","Char","The class for the intervention, often obtained from a coding dictionary.","/mdr/cdashig/2-1/domains/CM/fields/CMCLAS",,,,,,,,,,",""
CM,"CMCLASCD","O","Num","The assigned dictionary code for the class for the intervention.","/mdr/cdashig/2-1/domains/CM/fields/CMCLASCD",,,,,,,,,,",""
CM,"CMCLASCD","O","Num","The assigned dictionary code for the class for the intervention.","/mdr/cdashig/2-1/domains/CM/fields/CMCLASCD",,,,,,,,,,",""
CM,"CMCLASCD","O","Num","The assigned dictionary code for the class for the intervention.","/mdr/cdashig/2-1/domains/CM/fields/CMCLASCD",,,,,,,,,,",""
CM,"CMCLASCD","O","Num","The assigned dictionary code for the class for the intervention.","/mdr/cdashig/2-1/domains/CM/fields/CMCLASCD",,,,,,,,,,",""
CM,"CMCLASCD","O","Num","The assigned dictionary code for the class for the intervention.","/mdr/cdashig/2-1/domains/CM/fields/CMCLASCD",,,,,,,,,,",""
CM,"CMCLASCD","O","Num","The assigned dictionary code for the class for the intervention.","/mdr/cdashig/2-1/domains/CM/fields/CMCLASCD",,,,,,,,,,",""
CM,"CMCLASCD","O","Num","The assigned dictionary code for the class for the intervention.","/mdr/cdashig/2-1/domains/CM/fields/CMCLASCD",,,,,,,,,,",""
CM,"CMCLASCD","O","Num","The assigned dictionary code for the class for the intervention.","/mdr/cdashig/2-1/domains/CM/fields/CMCLASCD",,,,,,,,,,",""
CM,"CMCLASCD","O","Num","The assigned dictionary code for the class for the intervention.","/mdr/cdashig/2-1/domains/CM/fields/CMCLASCD",,,,,,,,,,",""
CM,"CMATC1","O","Char","Dictionary text description of the first level of hierarchy within the Anatomical Therapeutic Chemical Classification System. Indicates the anatomical main group.","/mdr/cdashig/2-1/domains/CM/fields/CMATC1",,,,,,,,,,",""
CM,"CMATC1CD","O","Num","Dictionary code denoting the first level of hierarchy within the Anatomical Therapeutic Chemical Classification System. Indicates the anatomical main group.","/mdr/cdashig/2-1/domains/CM/fields/CMATC1CD",,,,,,,,,,",""
CM,"CMATC2","O","Char","Dictionary text description for the second level of hierarchy within the Anatomical Therapeutic Chemical Classification System. Indicates the therapeutic main group.","/mdr/cdashig/2-1/domains/CM/fields/CMATC2",,,,,,,,,,",""
CM,"CMATC2CD","O","Num","Dictionary code denoting the second level of hierarchy within the Anatomical Therapeutic Chemical Classification System. Indicates the therapeutic main group.","/mdr/cdashig/2-1/domains/CM/fields/CMATC2CD",,,,,,,,,,",""
CM,"CMATC3","O","Char","Dictionary text description of the third level of hierarchy within the Anatomical Therapeutic Chemical Classification System. Indicates the therapeutic/pharmacological subgroup.","/mdr/cdashig/2-1/domains/CM/fields/CMATC3",,,,,,,,,,",""
CM,"CMATC3CD","O","Num","Dictionary code denoting the third level of hierarchy within the Anatomical Therapeutic Chemical Classification System. Indicates the therapeutic/pharmacological subgroup.","/mdr/cdashig/2-1/domains/CM/fields/CMATC3CD",,,,,,,,,,",""
CM,"CMATC4","O","Char","Dictionary text description of the fourth level of hierarchy within the Anatomical Therapeutic Chemical Classification System. Indicates the chemical/therapeutic/pharmacological subgroup.","/mdr/cdashig/2-1/domains/CM/fields/CMATC4",,,,,,,,,,",""
CM,"CMATC4CD","O","Num","Dictionary code denoting the fourth level of hierarchy within the Anatomical Therapeutic Chemical Classification System. Indicates the chemical/therapeutic/pharmacological subgroup.","/mdr/cdashig/2-1/domains/CM/fields/CMATC4CD",,,,,,,,,,",""
CM,"CMATC5","O","Char","Dictionary text description of the fifth level of hierarchy within the Anatomical Therapeutic Chemical Classification system. Indicates the chemical substance.","/mdr/cdashig/2-1/domains/CM/fields/CMATC5",,,,,,,,,,",""
CM,"CMATC5CD","O","Num","Dictionary code denoting the fifth level of hierarchy within the Anatomical Therapeutic Chemical Classification system. Indicates the chemical substance.","/mdr/cdashig/2-1/domains/CM/fields/CMATC5CD",,,,,,,,,,",""
PR,"STUDYID","HR","Char","A unique identifier for a study.","/mdr/cdashig/2-1/domains/PR/fields/STUDYID",,,,,,,,,,",""
PR,"SITEID","HR","Char","A unique identifier for a site within a study.","/mdr/cdashig/2-1/domains/PR/fields/SITEID",,,,,,,,,,",""
PR,"SUBJID","HR","Char","A unique subject identifier within a site and a study.","/mdr/cdashig/2-1/domains/PR/fields/SUBJID",,,,,,,,,,",""
PR,"PRYN","O","Char","An indication whether or not the subject had any procedures performed.","/mdr/cdashig/2-1/domains/PR/fields/PRYN",,,,,,,,,,",""
PR,"PRCAT","O","Char","A grouping of topic-variable values based on user-defined characteristics.","/mdr/cdashig/2-1/domains/PR/fields/PRCAT",,,,,,,,,,",""
PR,"PRSCAT","O","Char","A sub-division of the PRCAT values based on user-defined characteristics.","/mdr/cdashig/2-1/domains/PR/fields/PRSCAT",,,,,,,,,,",""
PR,"PRSPID","O","Char","A sponsor-defined identifier. In CDASH, This is typically used for preprinted or auto-generated numbers on the CRF, or any other type of identifier that does not already have a defined CDASH identifier field.","/mdr/cdashig/2-1/domains/PR/fields/PRSPID",,,,,,,,,,",""
PR,"PRTRT","HR","Char","The verbatim surgical, therapeutic, or diagnostic procedure's name.","/mdr/cdashig/2-1/domains/PR/fields/PRTRT",,,,,,,,,,",""
PR,"PRDECOD","O","Char","The dictionary- or sponsor-defined standardized text description of PRTRT, or the modified topic variable (PRMODIFY), if applicable.","/mdr/cdashig/2-1/domains/PR/fields/PRDECOD",,,,,,,,,,",""
PR,"PRMODIFY","O","Char","If the value for PRTERM is modified for coding purposes, then the modified text is placed here.","/mdr/cdashig/2-1/domains/PR/fields/PRMODIFY",,,,,,,,,,",""
PR,"PRPRESP","O","Char","An indication that a specific intervention or a group of interventions is prespecified on a CRF.","/mdr/cdashig/2-1/domains/PR/fields/PRPRESP",,,,,,,,,,",""
PR,"PROCCUR","O","Char","An indication whether a prespecified procedure (PRTRT) happened when information about the occurrence of a specific intervention is solicited.","/mdr/cdashig/2-1/domains/PR/fields/PROCCUR",,,,,,,,,,",""
PR,"PRREASOC","O","Char","An explanation of why a scheduled procedure did or did not occur.","/mdr/cdashig/2-1/domains/PR/fields/PRREASOC",,,,,,,,,,",""
PR,"PRREASOC","O","Char","An explanation of why a scheduled procedure did or did not occur.","/mdr/cdashig/2-1/domains/PR/fields/PRREASOC",,,,,,,,,,",""
PR,"PRREASOC","O","Char","An explanation of why a scheduled procedure did or did not occur.","/mdr/cdashig/2-1/domains/PR/fields/PRREASOC",,,,,,,,,,",""
PR,"PRREASND","O","Char","An explanation of why the data are not available.","/mdr/cdashig/2-1/domains/PR/fields/PRREASND",,,,,,,,,,",""
PR,"PRPRIOR","O","Char","Indication the procedure occurred prior to [PRSTTPT] or prior to the date in DM.RFSTDTC.","/mdr/cdashig/2-1/domains/PR/fields/PRPRIOR",,,,,,,,,,",""
PR,"PRSTDAT","R/C","Char","The date or start date of when the procedure started or was performed, represented in an unambiguous date format (e.g., DD-MON-YYYY).","/mdr/cdashig/2-1/domains/PR/fields/PRSTDAT",,,,,,,,,,",""
PR,"PRSTDAT","R/C","Char","The date or start date of when the procedure started or was performed, represented in an unambiguous date format (e.g., DD-MON-YYYY).","/mdr/cdashig/2-1/domains/PR/fields/PRSTDAT",,,,,,,,,,",""
PR,"PRSTDAT","R/C","Char","The date or start date of when the procedure started or was performed, represented in an unambiguous date format (e.g., DD-MON-YYYY).","/mdr/cdashig/2-1/domains/PR/fields/PRSTDAT",,,,,,,,,,",""
PR,"PRONGO","O","Char","Indication the procedure is ongoing when no end date is provided.","/mdr/cdashig/2-1/domains/PR/fields/PRONGO",,,,,,,,,,",""
PR,"PRENDAT","R/C","Char","The end date of the procedure, represented in an unambiguous date format (e.g., DD-MON-YYYY).","/mdr/cdashig/2-1/domains/PR/fields/PRENDAT",,,,,,,,,,",""
PR,"PRENDAT","R/C","Char","The end date of the procedure, represented in an unambiguous date format (e.g., DD-MON-YYYY).","/mdr/cdashig/2-1/domains/PR/fields/PRENDAT",,,,,,,,,,",""
PR,"PRENDAT","R/C","Char","The end date of the procedure, represented in an unambiguous date format (e.g., DD-MON-YYYY).","/mdr/cdashig/2-1/domains/PR/fields/PRENDAT",,,,,,,,,,",""
PR,"PRINDC","O","Char","The condition, disease, symptom, or disorder that the procedure was used to address or investigate (e.g., why the therapy was taken or administered, why the procedure was performed).","/mdr/cdashig/2-1/domains/PR/fields/PRINDC",,,,,,,,,,",""
PR,"PRINDC","O","Char","The condition, disease, symptom, or disorder that the procedure was used to address or investigate (e.g., why the therapy was taken or administered, why the procedure was performed).","/mdr/cdashig/2-1/domains/PR/fields/PRINDC",,,,,,,,,,",""
PR,"PRAENO","O","Char","Identifier for the adverse event that is the indication for this procedure.","/mdr/cdashig/2-1/domains/PR/fields/PRAENO",,,,,,,,,,",""
PR,"PRMHNO","O","Char","Identifier for the medical history event that is the indication for this procedure.","/mdr/cdashig/2-1/domains/PR/fields/PRMHNO",,,,,,,,,,",""
PR,,,,,,,,,,,,,,,",""
PR,"PRDOSU","O","Char","The unit for intended dose/amount for PRDOSE, PRDOSTOT, or PRDOSTXT.","/mdr/cdashig/2-1/domains/PR/fields/PRDOSU",,,,,,,,,,",""
PR,"PRDOSFRQ","O","Char","The number/amount of the procedure that was given/administered/taken during a specific interval.","/mdr/cdashig/2-1/domains/PR/fields/PRDOSFRQ",,,,,,,,,,,,,,,,",""
PR,"PRROUTE","O","Char","The route of administration of the procedure.","/mdr/cdashig/2-1/domains/PR/fields/PRROUTE",,,,,,,,,,",""
PR,"PRLOC","O","Char","A description of the anatomical location of an procedure, such as location of a biopsy.","/mdr/cdashig/2-1/domains/PR/fields/PRLOC",,,,,,,,,,",""
PR,"PRLAT","O","Char","Qualifier for anatomical location further detailing side of the body for the procedure administration.","/mdr/cdashig/2-1/domains/PR/fields/PRLAT",,,,,,,,,,",""
PR,"PRDIR","O","Char","Qualifier further detailing the position of the anatomical location relative to the center of the body, organ, or specimen.","/mdr/cdashig/2-1/domains/PR/fields/PRDIR",,,,,,,,,,",""
PR,"PRPORTOT","O","Char","Qualifier for anatomical location further detailing the distribution (i.e., arrangement of, apportioning of).","/mdr/cdashig/2-1/domains/PR/fields/PRPORTOT",,,,,,,,,,",""
PR,"PRFAST","O","Char","An indication that the subject has abstained from food/water for the specified amount of time.","/mdr/cdashig/2-1/domains/PR/fields/PRFAST",,,,,,,,,,",""
PR,"PRDOSRGM","O","Char","The text description of the (intended) schedule or regimen for the procedure.","/mdr/cdashig/2-1/domains/PR/fields/PRDOSRGM",,,,,,,,,,",""
PR,"PRDOSADJ","O","Char","An indication whether or not the procedure dose/amount was adjusted.","/mdr/cdashig/2-1/domains/PR/fields/PRDOSADJ",,,,,,,,,,",""
PR,"PRADJ","O","Char","Description or explanation of why a procedure dose/amount was adjusted.","/mdr/cdashig/2-1/domains/PR/fields/PRADJ",,,,,,,,,,",""
PR,"PRTRTCMP","O","Char","Indication whether the subject completed the intended regimen.","/mdr/cdashig/2-1/domains/PR/fields/PRTRTCMP",,,,,,,,,,",""
PR,"PRITRPYN","O","Char","An indication whether the procedure was interrupted.","/mdr/cdashig/2-1/domains/PR/fields/PRITRPYN",,,,,,,,,,",""
PR,"PRITRPRS","O","Char","An indication of why the intervention was interrupted.","/mdr/cdashig/2-1/domains/PR/fields/PRITRPRS",,,,,,,,,,",""
PR,"PRCINTD","O","Char","The collected duration of the procedure interruption.","/mdr/cdashig/2-1/domains/PR/fields/PRCINTD",,,,,,,,,,",""
PR,"PRCINTDU","O","Char","The unit for the collected duration of the procedure interruption.","/mdr/cdashig/2-1/domains/PR/fields/PRCINTDU",,,,,,,,,,",""
PR,"PRLLT","O","Char","MedDRA text description of the Lowest Level Term.","/mdr/cdashig/2-1/domains/PR/fields/PRLLT",,,,,,,,,,",""
PR,"PRLLTCD","O","Num","MedDRA Lowest Level Term code.","/mdr/cdashig/2-1/domains/PR/fields/PRLLTCD",,,,,,,,,,",""
PR,"PRPTCD","O","Num","MedDRA code for the Preferred Term.","/mdr/cdashig/2-1/domains/PR/fields/PRPTCD",,,,,,,,,,",""
PR,"PRHLT","O","Char","MedDRA text description of High Level Term from the primary path.","/mdr/cdashig/2-1/domains/PR/fields/PRHLT",,,,,,,,,,",""
PR,"PRHLTCD","O","Num","MedDRA High Level Term code from the primary path.","/mdr/cdashig/2-1/domains/PR/fields/PRHLTCD",,,,,,,,,,",""
PR,"PRHLGT","O","Char","MedDRA text description of the High Level Group Term from the primary path.","/mdr/cdashig/2-1/domains/PR/fields/PRHLGT",,,,,,,,,,",""
PR,"PRHLGTCD","O","Num","MedDRA High Level Group Term code from the primary path.","/mdr/cdashig/2-1/domains/PR/fields/PRHLGTCD",,,,,,,,,,",""
PR,"PRSOC","O","Char","MedDRA Primary System Organ Class description associated with the intervention.","/mdr/cdashig/2-1/domains/PR/fields/PRSOC",,,,,,,,,,",""
PR,"PRSOCCD","O","Num","MedDRA Primary System Organ Class code.","/mdr/cdashig/2-1/domains/PR/fields/PRSOCCD",,,,,,,,,,",""
DM,"STUDYID","HR","Char","A unique identifier for a study.","/mdr/cdashig/2-1/domains/DM/fields/STUDYID",,,,,,,,,,",""
DM,"SITEID","HR","Char","A unique identifier for a site within a study.","/mdr/cdashig/2-1/domains/DM/fields/SITEID",,,,,,,,,,",""
DM,"SUBJID","HR","Char","A unique subject identifier within a site and a study.","/mdr/cdashig/2-1/domains/DM/fields/SUBJID",,,,,,,,,,",""
DM,"BRTHDAT","R/C","Char","A subject's date of birth (with or without the time of birth). The complete Date of Birth is made from the temporal components of Birth Year, Birth Month, Birth Day and Birth Time.","/mdr/cdashig/2-1/domains/DM/fields/BRTHDAT",,,,,,,,,,",""
DM,"BRTHDD","R/C","Char","Day of birth of the subject in an unambiguous date format (e.g., DD).","/mdr/cdashig/2-1/domains/DM/fields/BRTHDD",,,,,,,,,,",""
DM,"BRTHMO","R/C","Char","Month of birth of the subject in an unambiguous date format (e.g., MMM).","/mdr/cdashig/2-1/domains/DM/fields/BRTHMO",,,,,,,,,,",""
DM,"BRTHYY","R/C","Char","The year of birth of the subject in an unambiguous date format (e.g., YYYY).","/mdr/cdashig/2-1/domains/DM/fields/BRTHYY",,,,,,,,,,",""
DM,"BRTHTIM","O","Char","The time of birth of the subject in an unambiguous time format (e.g., hh:mm)","/mdr/cdashig/2-1/domains/DM/fields/BRTHTIM",,,,,,,,,,",""
DM,"AGE","O","Num","The age of the subject expressed in AGEU.","/mdr/cdashig/2-1/domains/DM/fields/AGE",,,,,,,,,,",""
DM,"AGEU","O","Char","Those units of time that are routinely used to express the age of a person.","/mdr/cdashig/2-1/domains/DM/fields/AGEU",,,,,,,,,,",""
DM,"DMDAT","R/C","Char","The date of collection represented in an unambiguous date format (e.g., DD-MON-YYYY)","/mdr/cdashig/2-1/domains/DM/fields/DMDAT",,,,,,,,,,",""
DM,"SEX","R/C","Char","Sex of the subject as determined by the investigator.","/mdr/cdashig/2-1/domains/DM/fields/SEX",,,,,,,,,,",""
DM,"ETHNIC","O","Char","A social group characterized by a distinctive social and cultural tradition maintained from generation to generation, a common history and origin and a sense of identification with the group; members of the group have distinctive features in their way of life, shared experiences and often a common genetic heritage; these features may be reflected in their experience of health and disease.","/mdr/cdashig/2-1/domains/DM/fields/ETHNIC",,,,,,,,,,",""
DM,"CETHNIC","O","Char","A social group characterized by a distinctive social and cultural tradition maintained from generation to generation, a common history and origin and a sense of identification with the group; members of the group have distinctive features in their way of life, shared experiences and often a common genetic heritage; these features may be reflected in their experience of health and disease.","/mdr/cdashig/2-1/domains/DM/fields/CETHNIC",,,,,,,,,,",""
DM,"RACE","R/C","Char","An arbitrary classification based on physical characteristics; a group of persons related by common descent or heredity (U.S. Center for Disease Control).","/mdr/cdashig/2-1/domains/DM/fields/RACE",,,,,,,,,,",""
DM,"CRACE","R/C","Char","An arbitrary classification based on physical characteristics; a group of persons related by common descent or heredity (US Centers for Disease Control).","/mdr/cdashig/2-1/domains/DM/fields/CRACE",,,,,,,,,,",""
DM,"RACEOTH","O","Char","A free-text field to be used when none of the preprinted values for RACE are applicable or if another, unprinted selection should be added to those preprinted values.","/mdr/cdashig/2-1/domains/DM/fields/RACEOTH",,,,,,,,,,",""
